customer_id,customer_name,monthly_income,monthly_expenses,savings_balance,investment_balance,total_debt,payment_history_score,credit_utilization_ratio,credit_age_months,credit_score,risk_score,financial_health_score,loan_approved
SYN0001,Synthetic Customer 1,56556,29548,117727,6717,28410,0.97,0.88,35,612,5,70,1
SYN0002,Synthetic Customer 2,28825,11804,41071,19726,16095,0.9,0.2,119,680,4,70,1
SYN0003,Synthetic Customer 3,28746,13399,75148,425,55842,0.98,0.17,90,636,5,45,1
SYN0004,Synthetic Customer 4,56421,47768,32404,1519,361977,0.61,0.36,11,546,6,25,0
SYN0005,Synthetic Customer 5,23667,15197,69849,24807,30458,0.91,0.3,116,571,6,70,1
SYN0006,Synthetic Customer 6,26850,15390,77622,14935,2952,0.98,0.98,65,617,2,95,1
SYN0007,Synthetic Customer 7,149647,57373,522038,97040,196545,0.94,0.67,113,594,5,75,1
SYN0008,Synthetic Customer 8,94862,43659,197438,35382,157863,1.0,0.64,95,595,5,70,1
SYN0009,Synthetic Customer 9,74866,44716,148456,4207,194754,0.9,0.4,16,593,5,60,0
SYN0010,Synthetic Customer 10,38524,19046,106829,42129,36579,0.95,0.27,67,635,5,70,1
SYN0011,Synthetic Customer 11,32661,15638,85016,26175,70377,0.94,0.99,53,557,6,70,1
SYN0012,Synthetic Customer 12,31171,13318,40929,5242,8202,0.98,0.42,44,687,1,95,1
SYN0013,Synthetic Customer 13,400078,431590,44941,18128,1923090,0.86,0.02,7,534,6,5,0
SYN0014,Synthetic Customer 14,39604,19011,108447,28492,10602,0.92,0.01,69,729,1,95,1
SYN0015,Synthetic Customer 15,39967,18128,135500,39117,83500,0.98,0.51,61,606,5,75,1
SYN0016,Synthetic Customer 16,54504,39719,85619,34757,283587,0.93,0.6,43,549,6,60,0
SYN0017,Synthetic Customer 17,145153,81810,608771,30369,160691,0.92,0.57,34,584,5,75,1
SYN0018,Synthetic Customer 18,177399,96648,837455,65934,340205,0.91,0.48,94,602,5,75,1
SYN0019,Synthetic Customer 19,47370,31183,80143,35343,278142,0.89,0.69,57,555,6,60,1
SYN0020,Synthetic Customer 20,395779,408218,49162,7362,1654680,0.62,0.03,35,544,6,0,0
SYN0021,Synthetic Customer 21,68564,38811,49900,7501,320328,0.72,0.04,33,636,5,60,0
SYN0022,Synthetic Customer 22,22798,11023,53917,23702,29504,0.99,0.57,96,566,6,70,1
SYN0023,Synthetic Customer 23,60996,45274,57503,14124,167675,0.79,0.41,58,566,6,60,0
SYN0024,Synthetic Customer 24,65889,27725,159549,32591,204389,0.92,0.54,41,601,5,70,1
SYN0025,Synthetic Customer 25,296200,291331,17758,7260,2378982,0.84,0.85,6,470,6,5,0
SYN0026,Synthetic Customer 26,191711,105596,898815,444960,639341,0.92,0.41,85,607,5,75,1
SYN0027,Synthetic Customer 27,56282,43378,50448,12793,135513,0.77,0.78,41,522,6,60,1
SYN0028,Synthetic Customer 28,491382,539813,57393,7133,2216874,0.89,0.58,34,476,6,0,0
SYN0029,Synthetic Customer 29,132209,41930,436691,139231,239332,0.92,0.95,34,559,6,75,1
SYN0030,Synthetic Customer 30,34490,23401,62612,3928,111979,0.94,0.57,49,563,6,60,0
SYN0031,Synthetic Customer 31,17686,9298,45997,8544,22190,0.92,0.71,66,519,6,70,1
SYN0032,Synthetic Customer 32,71876,60322,27837,12318,502749,0.78,0.02,19,583,5,45,0
SYN0033,Synthetic Customer 33,18276,7712,31280,15290,11632,0.93,0.08,67,627,5,70,1
SYN0034,Synthetic Customer 34,57353,48596,28690,10021,468975,0.8,0.8,16,503,6,45,0
SYN0035,Synthetic Customer 35,195385,76163,701080,70407,660430,0.93,0.88,119,573,6,75,1
SYN0036,Synthetic Customer 36,20093,9678,53278,6671,34605,0.97,0.85,100,525,6,70,1
SYN0037,Synthetic Customer 37,331659,388571,67348,27759,1340908,0.85,0.05,21,514,6,15,0
SYN0038,Synthetic Customer 38,71753,56967,63920,23123,286338,0.81,0.02,16,592,5,60,0
SYN0039,Synthetic Customer 39,16180,10523,42036,4176,5750,0.9,0.37,41,583,3,85,1
SYN0040,Synthetic Customer 40,47535,47754,19021,9173,308866,0.77,0.41,19,511,6,25,0
SYN0041,Synthetic Customer 41,45514,34562,107284,27020,242078,0.71,0.73,33,529,6,70,1
SYN0042,Synthetic Customer 42,47485,26010,88431,2537,179357,0.91,0.23,41,622,5,60,1
SYN0043,Synthetic Customer 43,49831,43197,19734,4564,334497,0.76,0.96,8,482,6,35,0
SYN0044,Synthetic Customer 44,86768,79818,51079,904,639812,0.53,0.96,5,471,6,10,0
SYN0045,Synthetic Customer 45,23698,9751,62367,25769,19661,0.93,0.6,101,585,5,75,1
SYN0046,Synthetic Customer 46,150976,86033,284481,114309,24124,0.9,0.92,92,637,2,95,1
SYN0047,Synthetic Customer 47,53869,33904,124328,40839,307849,0.78,0.84,58,546,6,70,1
SYN0048,Synthetic Customer 48,25134,15082,49836,18166,42056,0.91,0.42,84,572,6,70,1
SYN0049,Synthetic Customer 49,70338,47177,93615,19914,379924,0.77,0.43,49,578,6,60,1
SYN0050,Synthetic Customer 50,431623,445714,22137,2780,2534185,0.8,0.29,21,517,6,0,0
SYN0051,Synthetic Customer 51,111569,55989,224109,3201,79980,0.9,0.97,102,591,5,50,1
SYN0052,Synthetic Customer 52,169384,71875,587280,201315,118563,0.95,0.25,107,665,5,75,1
SYN0053,Synthetic Customer 53,77941,41583,154933,67889,225623,0.95,0.56,39,592,5,70,1
SYN0054,Synthetic Customer 54,269908,307809,43244,19511,2251541,0.7,0.75,28,450,6,15,0
SYN0055,Synthetic Customer 55,38569,25748,85784,29223,83943,0.99,0.74,96,552,6,70,1
SYN0056,Synthetic Customer 56,335891,378056,67704,31758,1656310,0.79,0.28,4,498,6,15,0
SYN0057,Synthetic Customer 57,50735,44723,9732,1133,375070,0.55,0.39,4,536,6,25,0
SYN0058,Synthetic Customer 58,34209,21362,40899,2040,139481,0.75,0.42,49,588,5,50,0
SYN0059,Synthetic Customer 59,27464,14915,95096,25558,19682,0.99,0.94,89,572,6,75,1
SYN0060,Synthetic Customer 60,39494,24501,123208,31996,85099,0.92,0.44,39,587,5,70,1
SYN0061,Synthetic Customer 61,376228,414099,72068,30630,2662215,0.88,0.97,34,437,6,15,0
SYN0062,Synthetic Customer 62,153290,73206,549820,224716,46325,0.91,0.46,30,678,2,90,1
SYN0063,Synthetic Customer 63,69689,62595,19012,6211,447403,0.58,0.94,13,478,6,35,0
SYN0064,Synthetic Customer 64,30735,28924,13812,2866,155212,0.57,0.08,20,556,6,25,0
SYN0065,Synthetic Customer 65,58134,34001,111483,9986,4265,0.92,0.47,38,683,1,95,1
SYN0066,Synthetic Customer 66,22142,11945,40187,19853,19603,0.96,0.74,50,546,6,70,1
SYN0067,Synthetic Customer 67,50384,26825,32559,11097,177505,0.93,0.38,57,612,5,60,0
SYN0068,Synthetic Customer 68,113661,37572,452476,157394,347922,0.98,0.79,96,580,5,75,1
SYN0069,Synthetic Customer 69,141017,64842,505049,169749,35006,0.93,0.84,86,650,2,100,1
SYN0070,Synthetic Customer 70,163645,96261,570811,80211,488209,0.94,0.73,107,570,6,70,1
SYN0071,Synthetic Customer 71,90539,93471,25253,9707,793440,0.58,0.84,2,460,6,25,0
SYN0072,Synthetic Customer 72,79087,69055,22051,6209,611310,0.6,0.49,10,528,6,35,0
SYN0073,Synthetic Customer 73,61952,34918,126140,57692,224589,0.85,0.87,47,555,6,70,0
SYN0074,Synthetic Customer 74,21260,9050,62253,24843,24929,0.92,0.48,98,568,6,75,1
SYN0075,Synthetic Customer 75,209040,193971,11117,2508,1446677,0.8,0.37,35,531,6,10,0
SYN0076,Synthetic Customer 76,26264,13858,78535,29736,20850,0.93,0.26,51,626,5,70,1
SYN0077,Synthetic Customer 77,50679,27157,79290,12133,260686,0.75,0.73,29,573,6,60,1
SYN0078,Synthetic Customer 78,100886,39231,252131,92801,109780,0.95,0.28,30,626,5,75,1
SYN0079,Synthetic Customer 79,24572,14969,36933,16085,51215,0.91,0.02,72,606,5,60,1
SYN0080,Synthetic Customer 80,450984,465478,19954,7827,1734758,0.63,0.07,31,540,6,0,0
SYN0081,Synthetic Customer 81,64053,22131,263905,22329,218859,1.0,0.13,77,645,5,75,1
SYN0082,Synthetic Customer 82,34533,22005,60144,14762,43310,0.99,0.3,111,603,5,60,1
SYN0083,Synthetic Customer 83,360107,385526,5205,406,2955946,0.88,0.21,13,517,6,0,0
SYN0084,Synthetic Customer 84,30641,25956,3195,5,158117,0.62,0.69,15,514,6,20,0
SYN0085,Synthetic Customer 85,24278,21108,10298,3719,198456,0.52,0.24,8,525,6,45,0
SYN0086,Synthetic Customer 86,36665,23508,61405,7366,10099,0.96,0.9,54,610,2,85,1
SYN0087,Synthetic Customer 87,65633,22956,151441,74607,176962,0.99,0.44,83,614,5,75,1
SYN0088,Synthetic Customer 88,72757,78781,21847,1317,521683,0.68,0.88,23,448,6,0,0
SYN0089,Synthetic Customer 89,99129,86748,5431,2356,933514,0.68,0.03,24,575,6,25,0
SYN0090,Synthetic Customer 90,95529,77576,43347,21348,674282,0.63,0.28,18,562,6,45,0
SYN0091,Synthetic Customer 91,457805,545115,51641,10520,2545428,0.8,0.85,21,430,6,5,0
SYN0092,Synthetic Customer 92,459768,453545,104296,36051,3450612,0.61,0.1,16,545,6,15,0
SYN0093,Synthetic Customer 93,35194,38398,8534,9,255862,0.7,0.54,13,480,6,0,0
SYN0094,Synthetic Customer 94,99173,45176,341302,115878,177973,0.98,0.21,94,638,5,75,1
SYN0095,Synthetic Customer 95,48876,30862,90755,41289,138667,0.85,0.24,22,603,5,60,1
SYN0096,Synthetic Customer 96,15448,8738,21993,1858,36788,0.95,0.13,55,557,6,60,1
SYN0097,Synthetic Customer 97,353019,371609,23165,7736,2685300,0.67,0.55,24,487,6,5,0
SYN0098,Synthetic Customer 98,69280,45203,151223,36208,381767,0.89,0.85,33,539,6,70,1
SYN0099,Synthetic Customer 99,124144,64283,523256,172999,259178,0.95,0.16,92,640,5,75,1
SYN0100,Synthetic Customer 100,380944,380841,69746,21088,2061138,0.86,0.97,15,456,6,15,0
SYN0101,Synthetic Customer 101,27549,12949,84335,30996,2885,0.97,0.81,85,655,2,100,1
SYN0102,Synthetic Customer 102,62461,49309,51670,10878,366975,0.92,0.87,40,510,6,60,0
SYN0103,Synthetic Customer 103,29972,12126,46335,5058,62648,0.91,0.78,69,579,6,70,1
SYN0104,Synthetic Customer 104,72098,71733,36846,17485,641040,0.61,0.32,22,522,6,25,0
SYN0105,Synthetic Customer 105,483648,440491,7941,3772,3206379,0.69,0.23,5,546,6,10,0
SYN0106,Synthetic Customer 106,251612,283846,42505,5451,1027189,0.81,0.9,2,436,6,5,0
SYN0107,Synthetic Customer 107,27355,24291,6152,2175,150417,0.62,0.68,5,492,6,35,0
SYN0108,Synthetic Customer 108,41473,21719,89893,15783,192059,0.82,0.58,26,591,5,70,1
SYN0109,Synthetic Customer 109,80236,70334,452,73,695023,0.7,0.16,14,561,6,20,0
SYN0110,Synthetic Customer 110,97014,86317,55998,14969,787123,0.75,0.21,12,553,6,45,0
SYN0111,Synthetic Customer 111,255917,248536,35127,9674,1627401,0.61,0.82,25,477,6,5,0
SYN0112,Synthetic Customer 112,21061,20424,8666,401,176373,0.77,0.74,9,439,6,0,0
SYN0113,Synthetic Customer 113,69784,51680,69379,16425,215247,0.87,0.72,54,536,6,60,0
SYN0114,Synthetic Customer 114,60334,23691,168148,17224,125884,0.91,0.3,119,631,5,75,1
SYN0115,Synthetic Customer 115,292085,280471,55134,11988,2280310,0.76,0.91,10,469,6,5,0
SYN0116,Synthetic Customer 116,83156,90657,14725,6588,746566,0.53,0.95,4,438,6,15,0
SYN0117,Synthetic Customer 117,74323,53309,175691,73048,437180,0.79,0.78,12,531,6,70,1
SYN0118,Synthetic Customer 118,19049,10218,53618,19154,30737,0.94,0.64,83,532,6,70,1
SYN0119,Synthetic Customer 119,111295,49130,381782,85984,377892,0.99,0.23,32,631,5,75,1
SYN0120,Synthetic Customer 120,358434,392403,10036,304,1368380,0.69,0.49,6,483,6,0,0
SYN0121,Synthetic Customer 121,65228,35268,92399,45644,313991,0.94,0.42,59,606,5,60,0
SYN0122,Synthetic Customer 122,251915,289729,37222,9166,2042389,0.61,0.37,28,486,6,5,0
SYN0123,Synthetic Customer 123,323791,374508,7720,2230,2231329,0.87,0.64,3,456,6,0,0
SYN0124,Synthetic Customer 124,344641,329801,10104,3725,2643589,0.63,0.22,1,537,6,0,0
SYN0125,Synthetic Customer 125,137427,51269,227211,8992,279317,0.98,0.55,99,605,5,60,1
SYN0126,Synthetic Customer 126,45269,27096,39184,92,255403,0.77,0.97,20,536,6,35,1
SYN0127,Synthetic Customer 127,37204,25980,24048,3898,91279,0.85,0.03,28,611,5,50,0
SYN0128,Synthetic Customer 128,78609,49231,63246,14689,206648,0.89,0.51,18,577,6,60,1
SYN0129,Synthetic Customer 129,22259,15216,29027,14204,41841,0.97,0.31,118,555,6,60,1
SYN0130,Synthetic Customer 130,65945,39539,280284,28301,101198,0.95,0.9,33,544,6,75,1
SYN0131,Synthetic Customer 131,134439,64865,193115,82978,133102,0.96,0.71,72,587,5,60,1
SYN0132,Synthetic Customer 132,32385,15819,78155,7498,33436,0.99,0.65,106,595,5,70,1
SYN0133,Synthetic Customer 133,58185,36974,58841,14860,210638,0.8,0.73,32,554,6,60,1
SYN0134,Synthetic Customer 134,53408,48723,4891,274,492973,0.53,0.09,13,560,6,10,0
SYN0135,Synthetic Customer 135,147687,80272,473031,147216,311807,0.96,0.67,76,582,5,70,1
SYN0136,Synthetic Customer 136,75435,79993,32635,9837,712733,0.59,0.11,16,529,6,25,0
SYN0137,Synthetic Customer 137,40140,27978,40286,18227,111973,0.79,0.76,48,540,6,60,0
SYN0138,Synthetic Customer 138,494107,589155,97053,42119,3234005,0.77,0.61,17,453,6,15,0
SYN0139,Synthetic Customer 139,97294,37164,383793,92018,322776,0.9,0.86,96,573,6,75,1
SYN0140,Synthetic Customer 140,236482,222899,35936,17382,886134,0.66,0.42,21,522,6,25,0
SYN0141,Synthetic Customer 141,54251,32197,64227,19537,314062,0.72,0.06,22,628,5,60,0
SYN0142,Synthetic Customer 142,121330,52527,330800,108575,265163,0.93,0.75,38,580,5,75,1
SYN0143,Synthetic Customer 143,76349,63619,31068,8633,583844,0.7,0.05,12,580,5,45,0
SYN0144,Synthetic Customer 144,16795,6756,32303,2248,8514,0.98,0.29,51,610,5,70,1
SYN0145,Synthetic Customer 145,180386,94541,330557,60322,246902,0.95,0.83,69,569,6,70,1
SYN0146,Synthetic Customer 146,154089,86063,208372,10205,10396,0.99,0.57,97,684,1,75,1
SYN0147,Synthetic Customer 147,418991,413483,40729,5631,3451546,0.84,0.62,23,494,6,0,0
SYN0148,Synthetic Customer 148,164481,91014,341452,137353,348689,0.91,0.86,119,565,6,70,1
SYN0149,Synthetic Customer 149,49041,44133,4947,467,355562,0.66,0.2,24,553,6,20,0
SYN0150,Synthetic Customer 150,66019,67221,32439,3871,575169,0.53,0.26,5,521,6,15,0
SYN0151,Synthetic Customer 151,20009,12566,55489,25324,8506,0.96,0.46,108,596,4,75,1
SYN0152,Synthetic Customer 152,29709,17954,98542,40928,45846,0.93,0.96,76,539,6,70,1
SYN0153,Synthetic Customer 153,58820,30614,82111,18001,205290,0.85,0.35,16,613,5,60,1
SYN0154,Synthetic Customer 154,436933,398169,38667,2958,2175039,0.78,0.51,29,520,6,10,0
SYN0155,Synthetic Customer 155,33163,22758,98607,37464,3265,0.97,0.33,96,679,1,95,1
SYN0156,Synthetic Customer 156,19943,13707,45495,11253,38815,1.0,0.09,118,565,6,70,1
SYN0157,Synthetic Customer 157,32565,18702,45199,17129,129671,0.85,0.37,30,602,5,60,1
SYN0158,Synthetic Customer 158,377401,416525,4743,1370,2501510,0.62,0.1,24,522,6,0,0
SYN0159,Synthetic Customer 159,53029,53936,20890,2463,485238,0.6,0.58,4,490,6,5,0
SYN0160,Synthetic Customer 160,60662,66140,25422,9749,405306,0.71,0.09,17,525,6,25,0
SYN0161,Synthetic Customer 161,372216,425798,59862,24208,2821026,0.9,0.9,5,433,6,15,0
SYN0162,Synthetic Customer 162,466594,470582,40604,7018,2083464,0.7,0.76,12,474,6,0,0
SYN0163,Synthetic Customer 163,39015,21321,44181,16635,204330,0.89,0.83,45,563,6,60,0
SYN0164,Synthetic Customer 164,37176,36401,3440,1418,210715,0.73,0.8,5,476,6,5,0
SYN0165,Synthetic Customer 165,222907,228091,36183,14555,1056611,0.78,0.75,28,474,6,15,0
SYN0166,Synthetic Customer 166,64996,37161,151965,25430,339521,0.79,0.94,40,546,6,70,1
SYN0167,Synthetic Customer 167,70052,66610,17596,3271,390741,0.74,0.15,8,546,6,5,0
SYN0168,Synthetic Customer 168,175983,98943,562502,270485,64994,0.99,0.29,44,677,3,75,1
SYN0169,Synthetic Customer 169,78893,84541,6974,909,544351,0.75,0.88,0,449,6,0,0
SYN0170,Synthetic Customer 170,227921,232236,20456,1337,1242989,0.71,0.04,6,544,6,0,0
SYN0171,Synthetic Customer 171,39142,32929,6737,2851,343778,0.75,0.75,15,509,6,35,0
SYN0172,Synthetic Customer 172,202753,237577,924,76,939789,0.76,0.72,33,447,6,0,0
SYN0173,Synthetic Customer 173,258293,292607,14731,1953,1080923,0.73,0.79,29,448,6,0,0
SYN0174,Synthetic Customer 174,79060,43562,237131,82831,152569,0.95,0.25,42,620,5,70,1
SYN0175,Synthetic Customer 175,76261,61044,16143,1534,574945,0.7,0.09,11,583,5,25,0
SYN0176,Synthetic Customer 176,187903,87041,757452,10661,343381,0.94,0.47,105,613,5,65,1
SYN0177,Synthetic Customer 177,395717,386257,1542,353,2922328,0.67,0.65,6,491,6,0,0
SYN0178,Synthetic Customer 178,39090,24509,59423,11093,33051,0.98,0.18,95,631,5,60,1
SYN0179,Synthetic Customer 179,295566,337964,4476,1874,2165231,0.61,0.21,12,502,6,0,0
SYN0180,Synthetic Customer 180,132731,76985,405543,142352,472634,0.95,0.05,106,639,5,70,1
SYN0181,Synthetic Customer 181,48750,29595,97768,21753,268947,0.77,0.79,39,554,6,70,1
SYN0182,Synthetic Customer 182,402713,403402,18056,6018,2787550,0.88,0.52,5,499,6,0,0
SYN0183,Synthetic Customer 183,241380,248423,57647,9626,1078049,0.7,0.09,18,538,6,5,0
SYN0184,Synthetic Customer 184,78447,76939,20056,5759,636273,0.63,0.72,11,484,6,15,0
SYN0185,Synthetic Customer 185,29252,14110,103905,4917,66547,0.97,0.41,101,615,5,75,1
SYN0186,Synthetic Customer 186,32040,17392,54263,1140,167015,0.73,0.24,53,623,5,50,1
SYN0187,Synthetic Customer 187,70181,76135,1363,460,388557,0.78,0.37,24,499,6,0,0
SYN0188,Synthetic Customer 188,86095,39503,226681,32717,201326,1.0,0.04,47,651,5,70,1
SYN0189,Synthetic Customer 189,471447,479035,63551,8529,2289595,0.81,0.22,18,527,6,0,0
SYN0190,Synthetic Customer 190,304951,285675,62416,29447,1759507,0.81,0.99,20,466,6,25,0
SYN0191,Synthetic Customer 191,28511,27513,4967,645,177902,0.71,0.92,20,460,6,5,0
SYN0192,Synthetic Customer 192,53690,35039,43942,4550,167702,0.76,0.49,35,574,6,50,1
SYN0193,Synthetic Customer 193,489221,459344,103822,26093,1915589,0.9,0.71,33,495,6,25,0
SYN0194,Synthetic Customer 194,414661,475616,7339,2631,3428177,0.62,0.47,33,477,6,0,0
SYN0195,Synthetic Customer 195,36821,39155,17238,2981,289818,0.73,0.14,16,526,6,15,0
SYN0196,Synthetic Customer 196,82548,37594,189435,92973,48132,0.92,0.94,90,607,5,70,1
SYN0197,Synthetic Customer 197,30336,26549,11559,1025,225822,0.69,0.61,2,515,6,25,0
SYN0198,Synthetic Customer 198,36003,16222,124565,43170,13323,0.96,0.89,79,632,4,80,1
SYN0199,Synthetic Customer 199,16349,10587,20732,9449,1783,0.93,0.22,109,630,2,85,1
SYN0200,Synthetic Customer 200,215878,226544,32493,15673,1077322,0.69,0.25,25,518,6,15,0
SYN0201,Synthetic Customer 201,79446,65296,2855,991,548980,0.64,0.34,4,553,6,20,0
SYN0202,Synthetic Customer 202,61853,63106,31944,2142,586477,0.73,0.51,3,496,6,5,0
SYN0203,Synthetic Customer 203,51685,48580,8294,793,309593,0.52,0.94,19,470,6,10,0
SYN0204,Synthetic Customer 204,330165,392502,71498,20494,2477787,0.66,0.17,32,499,6,15,0
SYN0205,Synthetic Customer 205,461493,537049,55087,12885,1860848,0.75,0.96,13,423,6,5,0
SYN0206,Synthetic Customer 206,26563,11012,49812,21438,38092,0.97,0.29,37,608,5,70,1
SYN0207,Synthetic Customer 207,162965,55437,350717,105710,214592,0.94,0.4,96,619,5,75,1
SYN0208,Synthetic Customer 208,21378,10876,40460,14757,19822,0.98,0.28,115,595,5,70,1
SYN0209,Synthetic Customer 209,18893,8286,27055,5555,16922,0.96,0.37,54,574,6,70,1
SYN0210,Synthetic Customer 210,69483,45354,104234,8980,178091,0.88,0.8,45,544,6,60,1
SYN0211,Synthetic Customer 211,69731,53549,59383,10437,401157,0.74,0.98,59,504,6,60,1
SYN0212,Synthetic Customer 212,26022,14369,63059,18445,30592,0.93,0.81,83,547,6,70,1
SYN0213,Synthetic Customer 213,34366,37595,12035,5941,296386,0.76,0.63,19,471,6,25,0
SYN0214,Synthetic Customer 214,339214,403705,63737,18927,2484938,0.67,0.06,30,509,6,15,0
SYN0215,Synthetic Customer 215,64356,44322,110404,9684,349337,0.91,0.25,48,593,5,60,0
SYN0216,Synthetic Customer 216,31241,19754,42294,6681,121423,0.8,0.77,42,551,6,60,0
SYN0217,Synthetic Customer 217,63992,35976,75836,34437,306138,0.79,0.95,41,547,6,60,1
SYN0218,Synthetic Customer 218,26609,16038,87340,17325,43473,0.96,0.2,67,600,5,70,1
SYN0219,Synthetic Customer 219,93149,82860,52619,25269,886298,0.59,0.21,22,554,6,45,0
SYN0220,Synthetic Customer 220,366220,382312,49262,23647,2961082,0.68,0.13,34,532,6,15,0
SYN0221,Synthetic Customer 221,406848,466049,93211,19035,3035963,0.61,0.95,5,427,6,5,0
SYN0222,Synthetic Customer 222,77983,77732,34967,8884,454417,0.78,0.69,4,483,6,25,0
SYN0223,Synthetic Customer 223,112726,42017,407098,167233,215503,0.92,0.11,66,646,5,75,1
SYN0224,Synthetic Customer 224,252714,279086,8337,1293,2079757,0.72,0.93,30,440,6,0,0
SYN0225,Synthetic Customer 225,304572,343183,20996,969,1513720,0.87,0.1,36,519,6,0,0
SYN0226,Synthetic Customer 226,65071,46955,138640,22946,164907,0.8,0.83,14,525,6,60,1
SYN0227,Synthetic Customer 227,297680,351554,68737,2455,2394832,0.6,0.57,6,458,6,0,0
SYN0228,Synthetic Customer 228,57298,53648,22047,2198,419233,0.76,0.47,6,517,6,15,0
SYN0229,Synthetic Customer 229,136686,47669,389841,48810,126592,0.9,0.34,61,630,5,75,1
SYN0230,Synthetic Customer 230,37098,23267,60142,29394,76227,0.94,0.43,77,589,5,60,1
SYN0231,Synthetic Customer 231,155076,77658,289249,84830,78499,0.99,0.02,73,705,4,70,1
SYN0232,Synthetic Customer 232,59277,43042,137360,1498,206699,0.77,0.36,27,572,6,50,0
SYN0233,Synthetic Customer 233,172000,67431,457433,184433,311160,0.98,0.69,105,591,5,75,1
SYN0234,Synthetic Customer 234,68174,67109,8963,1254,370943,0.64,0.98,11,457,6,0,0
SYN0235,Synthetic Customer 235,487957,572782,88693,14313,3635072,0.83,0.68,5,449,6,5,0
SYN0236,Synthetic Customer 236,29639,16551,61301,3676,65246,0.91,0.55,100,591,5,70,1
SYN0237,Synthetic Customer 237,67532,44638,60519,14478,369815,0.73,0.21,49,602,5,60,1
SYN0238,Synthetic Customer 238,183791,79700,257360,54450,87300,0.95,0.07,83,704,4,70,1
SYN0239,Synthetic Customer 239,22853,20996,11195,4737,191504,0.52,0.43,22,490,6,35,0
SYN0240,Synthetic Customer 240,191862,114778,875753,247501,47671,0.9,0.41,41,669,2,100,1
SYN0241,Synthetic Customer 241,396325,474740,36380,12369,3081100,0.71,0.68,34,446,6,5,0
SYN0242,Synthetic Customer 242,72830,55211,59250,12879,435104,0.83,0.72,26,530,6,60,0
SYN0243,Synthetic Customer 243,128214,56273,485769,99425,195764,0.98,0.25,68,632,5,75,1
SYN0244,Synthetic Customer 244,48064,26749,104557,2111,247806,0.9,0.42,13,599,5,50,0
SYN0245,Synthetic Customer 245,34409,18246,22724,797,156630,0.76,0.05,40,643,5,40,0
SYN0246,Synthetic Customer 246,22119,13853,67740,18957,7439,0.92,0.91,109,571,4,85,1
SYN0247,Synthetic Customer 247,95690,93716,38612,9888,606597,0.76,0.98,16,458,6,25,0
SYN0248,Synthetic Customer 248,57103,33699,40527,5738,332035,0.86,0.43,43,594,5,60,0
SYN0249,Synthetic Customer 249,69958,72458,13378,1222,475599,0.59,0.19,17,526,6,0,0
SYN0250,Synthetic Customer 250,326336,376853,23553,7586,2283166,0.87,0.56,26,466,6,5,0
SYN0251,Synthetic Customer 251,32366,14248,57704,21191,15794,0.91,0.45,83,664,5,70,1
SYN0252,Synthetic Customer 252,190413,98515,359068,176599,184026,0.96,0.05,33,649,5,70,1
SYN0253,Synthetic Customer 253,79918,54046,144540,27379,254239,0.92,0.34,12,583,5,60,0
SYN0254,Synthetic Customer 254,78593,42062,188562,31797,324126,0.87,0.7,37,577,6,70,0
SYN0255,Synthetic Customer 255,25538,16156,53976,11772,32708,0.93,0.36,99,575,6,70,1
SYN0256,Synthetic Customer 256,251699,287149,43639,10493,1826282,0.87,0.37,26,488,6,5,0
SYN0257,Synthetic Customer 257,197462,110425,763883,290094,11530,0.99,0.58,77,682,1,100,1
SYN0258,Synthetic Customer 258,39976,34333,5517,1006,301218,0.65,0.65,21,516,6,25,0
SYN0259,Synthetic Customer 259,53728,55286,15751,6058,444495,0.65,0.17,11,529,6,25,0
SYN0260,Synthetic Customer 260,39172,28050,57934,17764,223313,0.95,0.95,45,517,6,60,0
SYN0261,Synthetic Customer 261,62717,33196,168370,30334,190230,0.91,0.16,51,634,5,70,1
SYN0262,Synthetic Customer 262,29942,15329,80328,31667,47913,0.97,0.03,104,654,5,70,1
SYN0263,Synthetic Customer 263,28478,11492,70357,18788,18777,0.9,0.81,91,604,5,75,1
SYN0264,Synthetic Customer 264,37013,28700,57144,20308,120939,0.83,0.81,29,517,6,60,1
SYN0265,Synthetic Customer 265,147793,86871,421563,182776,129399,0.92,0.68,34,581,5,70,1
SYN0266,Synthetic Customer 266,74510,31412,190582,83459,127681,0.9,0.18,87,641,5,75,1
SYN0267,Synthetic Customer 267,373681,399747,76944,34613,1516299,0.88,0.24,36,516,6,15,0
SYN0268,Synthetic Customer 268,342131,312696,6104,2224,2751693,0.77,0.04,20,566,6,10,0
SYN0269,Synthetic Customer 269,104305,49660,407636,104410,267621,0.99,0.3,96,629,5,75,1
SYN0270,Synthetic Customer 270,67138,50380,87311,21740,377818,0.8,0.73,56,533,6,60,0
SYN0271,Synthetic Customer 271,39427,27295,52393,2490,41359,0.93,0.76,112,546,6,50,1
SYN0272,Synthetic Customer 272,371115,337301,24344,8038,3104158,0.67,0.55,24,516,6,15,0
SYN0273,Synthetic Customer 273,297380,328280,47152,20270,1192889,0.69,0.25,4,505,6,15,0
SYN0274,Synthetic Customer 274,120247,41637,452373,193896,274408,0.94,0.36,35,618,5,75,1
SYN0275,Synthetic Customer 275,130810,56695,515502,22884,48142,0.92,0.45,95,677,3,80,1
SYN0276,Synthetic Customer 276,28370,12227,40145,19560,37735,0.96,0.33,85,617,5,70,1
SYN0277,Synthetic Customer 277,126506,53656,506657,146679,330109,0.99,0.97,97,563,6,75,1
SYN0278,Synthetic Customer 278,20556,12448,33029,8795,13266,0.95,0.07,91,619,5,60,1
SYN0279,Synthetic Customer 279,75194,66917,35311,8080,491272,0.72,0.5,19,525,6,45,0
SYN0280,Synthetic Customer 280,60006,31928,68909,21772,348980,0.91,0.38,33,610,5,60,1
SYN0281,Synthetic Customer 281,76441,79853,39421,4460,724376,0.59,0.6,22,484,6,15,0
SYN0282,Synthetic Customer 282,61392,36482,143426,38200,361439,0.88,0.63,48,573,6,70,0
SYN0283,Synthetic Customer 283,69290,61258,32671,15270,453993,0.67,0.59,17,516,6,45,0
SYN0284,Synthetic Customer 284,74676,54534,48423,23211,374721,0.75,0.79,56,531,6,50,0
SYN0285,Synthetic Customer 285,461778,434881,33561,5050,2222478,0.81,0.78,4,485,6,10,0
SYN0286,Synthetic Customer 286,451257,484953,57872,28496,3624848,0.81,0.54,23,484,6,15,0
SYN0287,Synthetic Customer 287,34458,20380,48377,21548,63591,0.97,0.17,114,626,5,60,1
SYN0288,Synthetic Customer 288,197644,117614,719206,173852,284335,1.0,0.43,25,592,5,75,1
SYN0289,Synthetic Customer 289,117826,43195,458186,180267,236686,0.96,0.45,74,613,5,75,1
SYN0290,Synthetic Customer 290,462388,437059,110718,19361,2736089,0.72,0.95,7,467,6,15,0
SYN0291,Synthetic Customer 291,52828,31356,74994,31649,166129,0.79,0.11,58,626,5,60,1
SYN0292,Synthetic Customer 292,28804,25637,14001,6956,154170,0.6,0.12,5,555,6,45,0
SYN0293,Synthetic Customer 293,63816,35247,56684,15140,281776,0.76,0.41,23,601,5,60,0
SYN0294,Synthetic Customer 294,407399,370226,60044,19405,1852507,0.73,0.01,13,569,6,15,0
SYN0295,Synthetic Customer 295,48241,35008,99169,6668,126643,0.9,0.54,35,555,6,60,1
SYN0296,Synthetic Customer 296,59986,32043,108410,41884,249670,0.78,0.39,37,608,5,70,0
SYN0297,Synthetic Customer 297,66135,69683,24497,11566,575767,0.74,0.91,18,451,6,25,0
SYN0298,Synthetic Customer 298,85113,33530,175235,48929,35833,0.97,0.51,77,665,4,75,1
SYN0299,Synthetic Customer 299,19517,11172,43235,17608,22796,0.97,0.64,58,525,6,70,1
SYN0300,Synthetic Customer 300,20467,11193,31451,7389,15452,0.96,0.86,37,536,6,60,1
SYN0301,Synthetic Customer 301,271583,260322,25025,10699,1709776,0.75,0.68,26,493,6,5,0
SYN0302,Synthetic Customer 302,456219,433488,61906,7226,3385249,0.69,0.28,34,536,6,0,0
SYN0303,Synthetic Customer 303,42047,43485,14270,4057,357745,0.66,0.12,3,532,6,15,0
SYN0304,Synthetic Customer 304,91186,95470,20071,681,797743,0.73,0.44,6,498,6,0,0
SYN0305,Synthetic Customer 305,253695,284340,39799,1056,1214730,0.73,0.35,5,492,6,0,0
SYN0306,Synthetic Customer 306,261544,296248,14873,4816,1959323,0.81,0.85,27,442,6,0,0
SYN0307,Synthetic Customer 307,70380,38129,68403,3890,221344,0.84,0.53,50,594,5,50,0
SYN0308,Synthetic Customer 308,58356,51750,9360,780,520446,0.54,0.75,13,499,6,20,0
SYN0309,Synthetic Customer 309,122698,68724,203285,32725,382558,0.91,0.33,55,611,5,60,1
SYN0310,Synthetic Customer 310,456617,430430,69303,24587,3019837,0.74,0.63,5,500,6,25,0
SYN0311,Synthetic Customer 311,470329,529092,78417,29798,3673797,0.89,0.33,0,493,6,15,0
SYN0312,Synthetic Customer 312,170179,83464,631404,280192,520812,0.94,0.96,51,560,6,75,1
SYN0313,Synthetic Customer 313,340790,339719,23194,2139,2122130,0.77,0.49,21,504,6,0,0
SYN0314,Synthetic Customer 314,62043,20466,249537,16284,102649,0.99,0.16,82,642,5,75,1
SYN0315,Synthetic Customer 315,162145,58484,596520,158264,77000,0.92,0.92,59,617,5,75,1
SYN0316,Synthetic Customer 316,144485,54198,366795,43391,470108,0.91,0.62,116,599,5,75,1
SYN0317,Synthetic Customer 317,58130,40496,108508,31248,139739,0.72,0.59,45,556,6,60,1
SYN0318,Synthetic Customer 318,52113,26508,215830,55353,185384,0.97,0.48,53,606,5,75,1
SYN0319,Synthetic Customer 319,246835,276264,6067,1225,1259867,0.64,0.77,8,451,6,0,0
SYN0320,Synthetic Customer 320,34483,22729,21215,7210,163451,0.79,0.22,59,602,5,50,0
SYN0321,Synthetic Customer 321,431936,500177,8986,1008,1763263,0.78,0.39,27,483,6,0,0
SYN0322,Synthetic Customer 322,38327,33510,14823,4923,229624,0.68,0.61,24,517,6,45,0
SYN0323,Synthetic Customer 323,129075,46677,436910,102695,87658,0.93,0.06,54,682,4,75,1
SYN0324,Synthetic Customer 324,402315,375691,48237,17310,2595278,0.87,0.02,23,564,6,15,0
SYN0325,Synthetic Customer 325,37299,34167,18775,8951,254384,0.7,0.76,24,494,6,35,0
SYN0326,Synthetic Customer 326,54375,25893,67950,3962,42231,0.99,0.4,60,639,5,50,1
SYN0327,Synthetic Customer 327,28612,15080,61958,17617,43984,0.96,0.28,75,617,5,70,1
SYN0328,Synthetic Customer 328,184035,106055,866349,171311,102941,0.94,0.63,107,626,5,75,1
SYN0329,Synthetic Customer 329,131309,66915,502631,15179,400135,0.92,0.92,38,561,6,75,1
SYN0330,Synthetic Customer 330,228850,227199,40736,3913,1637458,0.6,0.14,0,538,6,0,0
SYN0331,Synthetic Customer 331,62532,49144,96387,47236,326339,0.76,0.37,59,562,6,60,1
SYN0332,Synthetic Customer 332,57695,23107,158405,34465,108805,0.97,0.58,33,596,5,75,1
SYN0333,Synthetic Customer 333,438654,462005,5836,683,3388570,0.71,0.26,6,515,6,0,0
SYN0334,Synthetic Customer 334,37089,22877,64837,1443,45292,0.99,0.02,41,630,5,40,1
SYN0335,Synthetic Customer 335,390828,396648,14077,7024,3153813,0.61,0.8,26,470,6,0,0
SYN0336,Synthetic Customer 336,51089,29349,114875,54132,181456,0.72,0.38,44,602,5,70,0
SYN0337,Synthetic Customer 337,44626,33081,105609,4517,260378,0.92,0.86,31,520,6,70,1
SYN0338,Synthetic Customer 338,194989,85214,492953,205653,204688,0.93,0.62,83,596,5,70,1
SYN0339,Synthetic Customer 339,97554,106485,58402,24001,831574,0.77,0.76,7,457,6,25,0
SYN0340,Synthetic Customer 340,30417,23716,19559,157,132300,0.94,0.01,54,599,5,25,1
SYN0341,Synthetic Customer 341,33624,28969,19833,981,229151,0.79,0.15,8,564,6,25,0
SYN0342,Synthetic Customer 342,61508,35452,272494,97646,115089,0.95,0.74,98,570,6,75,1
SYN0343,Synthetic Customer 343,182494,62057,757690,297701,49162,0.91,0.66,40,662,2,100,1
SYN0344,Synthetic Customer 344,49115,28403,57317,22961,259471,0.91,0.33,40,606,5,60,1
SYN0345,Synthetic Customer 345,34894,27324,29485,1785,180490,0.74,0.17,41,581,5,50,1
SYN0346,Synthetic Customer 346,263300,279302,60957,10102,1210298,0.74,0.85,5,454,6,5,0
SYN0347,Synthetic Customer 347,74961,44321,140062,28183,342713,0.91,0.33,17,601,5,70,0
SYN0348,Synthetic Customer 348,71936,68629,29228,2848,435126,0.51,0.41,14,520,6,5,0
SYN0349,Synthetic Customer 349,39513,22326,56398,26011,9663,0.91,0.02,64,717,1,85,1
SYN0350,Synthetic Customer 350,42984,32113,54591,21125,200695,0.72,0.58,16,545,6,60,0
SYN0351,Synthetic Customer 351,101839,58124,284777,86913,47217,0.91,0.93,30,600,5,70,1
SYN0352,Synthetic Customer 352,67610,42590,128727,25082,283019,0.87,0.18,25,609,5,70,0
SYN0353,Synthetic Customer 353,56681,52928,5054,2527,439148,0.57,0.3,13,535,6,15,0
SYN0354,Synthetic Customer 354,30696,12839,57446,6535,10110,0.96,0.79,67,645,3,85,1
SYN0355,Synthetic Customer 355,15639,10897,48114,17842,13478,0.98,0.35,108,528,6,70,1
SYN0356,Synthetic Customer 356,25538,13190,41666,7176,19544,0.9,0.8,71,575,6,70,1
SYN0357,Synthetic Customer 357,173649,79675,687759,83689,624889,0.91,0.65,58,591,5,75,1
SYN0358,Synthetic Customer 358,39151,16317,140604,50911,20616,0.94,0.83,58,621,5,75,1
SYN0359,Synthetic Customer 359,45502,30839,93332,38768,223481,0.71,0.7,48,549,6,70,0
SYN0360,Synthetic Customer 360,21168,13780,66572,20254,49298,0.92,0.05,43,576,6,70,1
SYN0361,Synthetic Customer 361,69430,39272,107450,40247,166802,0.75,0.14,57,629,5,60,0
SYN0362,Synthetic Customer 362,27806,22427,9786,908,255889,0.75,0.85,2,494,6,25,0
SYN0363,Synthetic Customer 363,71851,70112,14509,1290,456145,0.72,0.44,20,513,6,0,0
SYN0364,Synthetic Customer 364,366347,348857,85175,40220,2538451,0.84,0.23,11,539,6,25,0
SYN0365,Synthetic Customer 365,360863,404238,25507,29,1606922,0.88,0.94,25,435,6,0,0
SYN0366,Synthetic Customer 366,16061,7301,31539,10016,31176,0.92,0.56,99,534,6,70,1
SYN0367,Synthetic Customer 367,51703,37412,53170,5501,306938,0.86,0.95,57,516,6,60,1
SYN0368,Synthetic Customer 368,205974,201764,12335,2102,808533,0.84,0.72,3,484,6,0,0
SYN0369,Synthetic Customer 369,429753,481226,99953,32314,3371777,0.86,0.35,24,494,6,15,0
SYN0370,Synthetic Customer 370,175695,94281,576455,118270,479590,0.92,0.08,28,638,5,75,1
SYN0371,Synthetic Customer 371,22631,20268,12922,1393,116689,0.77,0.17,2,518,6,35,0
SYN0372,Synthetic Customer 372,18050,9050,64342,23085,38694,0.9,0.93,57,503,6,75,1
SYN0373,Synthetic Customer 373,29227,13068,42175,6225,14418,0.94,0.55,105,652,5,70,1
SYN0374,Synthetic Customer 374,56899,50595,3274,1125,380422,0.75,0.16,11,558,6,20,0
SYN0375,Synthetic Customer 375,162094,52889,675288,251830,364764,0.92,0.04,45,651,5,75,1
SYN0376,Synthetic Customer 376,30739,28958,2130,964,263353,0.65,0.66,2,497,6,15,0
SYN0377,Synthetic Customer 377,27698,12615,92100,29214,24556,0.9,0.44,69,613,5,75,1
SYN0378,Synthetic Customer 378,47600,31857,41508,3168,233587,0.72,0.35,46,586,5,50,1
SYN0379,Synthetic Customer 379,22455,12711,72258,27435,44105,1.0,0.68,96,541,6,70,1
SYN0380,Synthetic Customer 380,22721,12334,31570,11703,49228,0.9,0.57,102,558,6,60,1
SYN0381,Synthetic Customer 381,37201,25848,57805,14714,84751,0.92,0.97,63,521,6,60,1
SYN0382,Synthetic Customer 382,38269,19624,28359,3308,185958,0.95,0.62,50,591,5,50,1
SYN0383,Synthetic Customer 383,28783,23777,9608,2262,214429,0.66,0.91,0,489,6,35,0
SYN0384,Synthetic Customer 384,34253,19070,75597,9712,34070,0.96,0.58,48,587,5,70,1
SYN0385,Synthetic Customer 385,197504,105440,795681,180286,616787,0.99,0.27,107,627,5,75,1
SYN0386,Synthetic Customer 386,499904,541240,4495,589,2460521,0.79,0.68,25,469,6,0,0
SYN0387,Synthetic Customer 387,153754,87158,367991,124575,131503,0.99,0.89,26,566,6,70,1
SYN0388,Synthetic Customer 388,59722,53348,30201,11220,532691,0.53,0.86,4,486,6,45,0
SYN0389,Synthetic Customer 389,78079,80593,15031,4955,647918,0.69,0.19,6,526,6,15,0
SYN0390,Synthetic Customer 390,453996,512038,94488,33768,3423530,0.84,0.07,32,521,6,15,0
SYN0391,Synthetic Customer 391,271119,307490,34114,5693,1716082,0.66,0.83,3,441,6,5,0
SYN0392,Synthetic Customer 392,32167,20488,72454,17955,158798,0.79,0.46,37,581,5,70,0
SYN0393,Synthetic Customer 393,113422,46700,378665,124408,72510,0.96,0.35,44,656,5,75,1
SYN0394,Synthetic Customer 394,31847,28201,7386,2343,177768,0.73,0.22,7,552,6,35,0
SYN0395,Synthetic Customer 395,74413,41821,131923,1166,316092,0.82,0.14,23,627,5,45,0
SYN0396,Synthetic Customer 396,46540,31763,106921,46489,231111,0.86,0.43,36,575,6,70,1
SYN0397,Synthetic Customer 397,332119,320648,24083,10217,2025614,0.72,0.11,32,550,6,5,0
SYN0398,Synthetic Customer 398,93591,93048,34200,3542,583323,0.64,0.34,8,519,6,5,0
SYN0399,Synthetic Customer 399,56291,49442,24016,4895,511313,0.56,0.52,7,524,6,35,0
SYN0400,Synthetic Customer 400,155931,77678,569260,260766,404893,1.0,0.26,77,632,5,75,1
SYN0401,Synthetic Customer 401,403567,452406,56469,26739,3379800,0.66,0.72,14,456,6,15,0
SYN0402,Synthetic Customer 402,35916,22823,121240,33247,57913,0.93,0.18,120,616,5,70,1
SYN0403,Synthetic Customer 403,20935,10219,48775,23762,37226,0.98,0.76,59,535,6,70,1
SYN0404,Synthetic Customer 404,31704,27477,4248,1722,284793,0.74,0.33,8,545,6,35,0
SYN0405,Synthetic Customer 405,24635,13281,36525,2333,3173,0.95,0.2,51,688,1,75,1
SYN0406,Synthetic Customer 406,477787,472773,6199,562,3679127,0.9,0.35,36,521,6,0,0
SYN0407,Synthetic Customer 407,275090,273691,47249,15977,2018862,0.7,0.98,20,456,6,15,0
SYN0408,Synthetic Customer 408,51235,22318,100101,37767,142676,0.98,0.49,35,605,5,70,1
SYN0409,Synthetic Customer 409,70270,44278,96476,31286,277179,0.8,0.05,24,622,5,60,1
SYN0410,Synthetic Customer 410,134466,70870,418420,1081,8672,0.96,0.25,112,724,1,70,1
SYN0411,Synthetic Customer 411,60906,51080,14016,1368,464445,0.52,0.05,9,579,6,25,0
SYN0412,Synthetic Customer 412,472780,510087,38333,4384,3717126,0.7,0.89,22,448,6,0,0
SYN0413,Synthetic Customer 413,40805,32008,91924,14969,157189,0.76,0.98,25,498,6,60,0
SYN0414,Synthetic Customer 414,31535,14212,65587,2448,49235,0.94,0.64,104,596,5,60,1
SYN0415,Synthetic Customer 415,16592,9593,21820,323,4305,0.9,0.12,92,638,2,60,1
SYN0416,Synthetic Customer 416,264799,281795,30148,11390,1147906,0.81,0.02,26,538,6,5,0
SYN0417,Synthetic Customer 417,186395,71015,630067,55005,92039,0.95,0.62,60,645,5,75,1
SYN0418,Synthetic Customer 418,77856,34982,264119,52867,218047,0.94,0.41,44,614,5,75,1
SYN0419,Synthetic Customer 419,193691,86949,377251,86665,650656,0.92,0.02,35,652,5,70,1
SYN0420,Synthetic Customer 420,179526,61890,273651,26552,330711,0.99,0.64,82,594,5,70,1
SYN0421,Synthetic Customer 421,54619,51302,3270,80,307972,0.76,0.36,21,529,6,10,0
SYN0422,Synthetic Customer 422,75836,77471,4322,187,640008,0.5,0.15,20,533,6,0,0
SYN0423,Synthetic Customer 423,51539,31297,71530,6091,239063,0.79,0.35,19,596,5,60,1
SYN0424,Synthetic Customer 424,439357,431250,40672,13819,3375678,0.79,0.79,7,476,6,5,0
SYN0425,Synthetic Customer 425,75624,54292,178988,13593,411368,0.8,0.59,48,553,6,70,1
SYN0426,Synthetic Customer 426,70063,43013,87261,8562,175419,0.82,0.49,38,583,5,60,1
SYN0427,Synthetic Customer 427,66603,25208,155268,68788,168934,0.98,0.58,96,601,5,75,1
SYN0428,Synthetic Customer 428,73898,56306,113387,40516,360450,0.72,0.66,27,535,6,60,1
SYN0429,Synthetic Customer 429,70446,59498,34931,1788,639783,0.5,0.93,16,490,6,25,0
SYN0430,Synthetic Customer 430,459960,533932,8264,1973,2741320,0.7,0.28,32,493,6,0,0
SYN0431,Synthetic Customer 431,66077,45791,87611,30087,214485,0.81,0.57,17,557,6,60,1
SYN0432,Synthetic Customer 432,365707,342159,43654,3363,2463471,0.72,0.05,35,562,6,10,0
SYN0433,Synthetic Customer 433,73827,39684,344581,133257,169443,0.96,0.65,82,586,5,75,1
SYN0434,Synthetic Customer 434,67624,70842,33132,10878,598656,0.67,0.62,15,481,6,25,0
SYN0435,Synthetic Customer 435,79314,66164,36134,11185,465127,0.61,0.63,9,522,6,45,0
SYN0436,Synthetic Customer 436,32104,16442,46716,16135,69104,0.91,0.71,88,585,5,60,1
SYN0437,Synthetic Customer 437,116660,56376,218755,51497,390668,0.92,0.82,48,573,6,70,1
SYN0438,Synthetic Customer 438,34125,35051,952,344,267524,0.68,0.77,14,470,6,0,0
SYN0439,Synthetic Customer 439,464344,436664,55590,1591,2853741,0.77,0.43,30,522,6,10,0
SYN0440,Synthetic Customer 440,20806,12640,33638,3393,40708,0.94,0.6,77,530,6,60,1
SYN0441,Synthetic Customer 441,27604,14508,73470,16268,45878,0.93,0.95,73,545,6,70,1
SYN0442,Synthetic Customer 442,269925,254121,39032,16786,2120233,0.69,0.7,20,494,6,25,0
SYN0443,Synthetic Customer 443,35728,16620,60855,22498,61256,0.93,0.67,119,594,5,70,1
SYN0444,Synthetic Customer 444,63023,41768,110062,49858,312422,0.79,0.48,48,575,6,60,1
SYN0445,Synthetic Customer 445,24369,16162,53946,3488,746,0.9,0.15,43,676,1,95,1
SYN0446,Synthetic Customer 446,47496,34437,42256,8210,162997,0.74,0.07,30,601,5,60,0
SYN0447,Synthetic Customer 447,16058,8151,36712,7350,23744,0.97,0.56,66,530,6,70,1
SYN0448,Synthetic Customer 448,37810,18386,105670,25398,84072,0.94,0.78,76,580,5,70,1
SYN0449,Synthetic Customer 449,16762,6769,30225,12794,24964,0.99,0.44,64,547,6,70,1
SYN0450,Synthetic Customer 450,97120,93622,35160,6340,827996,0.59,0.18,21,542,6,15,0
SYN0451,Synthetic Customer 451,99014,58293,380836,10652,42543,0.94,0.56,40,638,4,80,1
SYN0452,Synthetic Customer 452,68272,51463,41656,5072,278467,0.71,0.92,50,512,6,40,0
SYN0453,Synthetic Customer 453,36688,17989,113577,4776,48442,0.98,0.32,64,625,5,75,1
SYN0454,Synthetic Customer 454,64118,33370,96770,35195,249890,0.8,0.35,25,614,5,60,1
SYN0455,Synthetic Customer 455,67290,59758,38367,15560,522691,0.8,0.82,20,493,6,45,0
SYN0456,Synthetic Customer 456,80073,40091,224556,80439,260732,0.99,0.25,29,629,5,70,1
SYN0457,Synthetic Customer 457,69987,75220,39682,17702,465567,0.72,0.03,16,534,6,25,0
SYN0458,Synthetic Customer 458,87411,90981,23367,10674,437971,0.56,0.51,3,492,6,25,0
SYN0459,Synthetic Customer 459,65256,43066,112793,41255,206131,0.89,0.86,39,537,6,60,0
SYN0460,Synthetic Customer 460,65242,48841,142328,57047,330708,0.86,0.93,59,513,6,60,0
SYN0461,Synthetic Customer 461,170383,87757,227698,23329,44928,0.98,0.56,97,674,1,85,1
SYN0462,Synthetic Customer 462,46950,29216,66294,20735,181039,0.7,0.67,46,563,6,60,0
SYN0463,Synthetic Customer 463,17072,10700,44480,2378,28717,0.94,0.5,73,517,6,70,1
SYN0464,Synthetic Customer 464,99503,82184,45688,12947,686654,0.75,0.04,5,582,5,45,0
SYN0465,Synthetic Customer 465,22204,9790,47480,17882,42497,0.93,0.63,74,556,6,70,1
SYN0466,Synthetic Customer 466,21461,20732,7147,20,115707,0.67,0.4,17,476,6,0,0
SYN0467,Synthetic Customer 467,129872,47145,502494,55505,339404,0.94,0.64,89,595,5,75,1
SYN0468,Synthetic Customer 468,40548,22512,69353,7511,134208,0.75,0.79,15,562,6,70,1
SYN0469,Synthetic Customer 469,17396,8475,23687,9512,4099,0.95,0.33,52,636,2,85,1
SYN0470,Synthetic Customer 470,36556,21405,26527,7960,113199,0.81,0.61,31,576,6,60,0
SYN0471,Synthetic Customer 471,33574,17100,65778,316,34511,0.93,0.78,118,581,5,45,1
SYN0472,Synthetic Customer 472,345059,397519,11122,3931,2456222,0.74,0.36,19,486,6,0,0
SYN0473,Synthetic Customer 473,489234,456283,75798,18390,1953743,0.86,0.15,34,553,6,15,0
SYN0474,Synthetic Customer 474,47251,34023,81645,1220,237140,0.91,0.63,49,548,6,40,1
SYN0475,Synthetic Customer 475,21971,14762,55450,17684,28657,0.95,0.77,82,507,6,70,1
SYN0476,Synthetic Customer 476,317076,370164,44867,4387,2446047,0.74,0.51,25,469,6,0,0
SYN0477,Synthetic Customer 477,85820,68928,12300,5030,809042,0.71,0.75,4,516,6,35,0
SYN0478,Synthetic Customer 478,283478,270365,64545,31710,1917780,0.64,0.73,22,489,6,25,0
SYN0479,Synthetic Customer 479,107362,56734,218406,30673,102174,0.9,0.21,70,635,5,70,1
SYN0480,Synthetic Customer 480,446244,524502,94412,42501,1691953,0.7,0.7,33,449,6,15,0
SYN0481,Synthetic Customer 481,54513,53073,18648,6201,360220,0.61,0.65,2,491,6,25,0
SYN0482,Synthetic Customer 482,23243,11921,78500,23127,28804,0.98,0.35,97,588,5,75,1
SYN0483,Synthetic Customer 483,15216,8377,23334,1263,6047,0.95,0.29,55,603,4,55,1
SYN0484,Synthetic Customer 484,40312,24536,76235,15095,113921,0.8,0.33,19,598,5,70,1
SYN0485,Synthetic Customer 485,451145,434547,17458,367,3428770,0.67,0.14,10,545,6,0,0
SYN0486,Synthetic Customer 486,71257,46587,157010,21802,208691,0.76,0.19,37,604,5,70,0
SYN0487,Synthetic Customer 487,31239,27021,11368,3945,220634,0.55,0.82,19,497,6,45,0
SYN0488,Synthetic Customer 488,68184,50874,63233,8667,325560,0.74,0.68,41,537,6,60,0
SYN0489,Synthetic Customer 489,54786,33728,43578,16526,171395,0.87,0.82,50,550,6,60,0
SYN0490,Synthetic Customer 490,61186,47142,102771,34827,340188,0.83,0.13,42,588,5,60,0
SYN0491,Synthetic Customer 491,32671,21179,109536,42548,60757,0.94,0.42,41,583,5,70,1
SYN0492,Synthetic Customer 492,29056,13622,90815,24984,55059,0.94,0.8,109,576,6,75,1
SYN0493,Synthetic Customer 493,161539,54949,471323,225195,135215,0.91,0.6,93,615,5,75,1
SYN0494,Synthetic Customer 494,335164,320653,57043,18939,2476603,0.76,0.52,24,510,6,15,0
SYN0495,Synthetic Customer 495,75073,55650,100291,27923,208980,0.86,0.26,46,581,5,60,1
SYN0496,Synthetic Customer 496,26981,15745,96600,13349,25736,0.94,0.78,97,554,6,75,1
SYN0497,Synthetic Customer 497,54262,36232,79806,37856,323327,0.79,0.7,59,552,6,60,0
SYN0498,Synthetic Customer 498,110233,47838,409793,56218,64206,0.95,0.78,94,623,5,75,1
SYN0499,Synthetic Customer 499,37841,22907,50136,20836,35337,0.9,0.1,54,631,5,60,1
SYN0500,Synthetic Customer 500,428263,396760,27041,9978,2304058,0.61,0.39,25,529,6,15,0
SYN0501,Synthetic Customer 501,36501,20305,106139,50699,52340,0.98,0.64,92,584,5,70,1
SYN0502,Synthetic Customer 502,102876,57113,468160,51051,191899,0.9,0.6,90,588,5,75,1
SYN0503,Synthetic Customer 503,70317,38733,46754,9,229326,0.94,0.1,29,634,5,35,1
SYN0504,Synthetic Customer 504,71792,66166,8628,562,349896,0.78,0.55,23,514,6,10,0
SYN0505,Synthetic Customer 505,34101,17201,119758,39738,22630,1.0,0.46,87,646,5,75,1
SYN0506,Synthetic Customer 506,15152,7247,32987,2371,3871,0.95,0.34,50,622,2,95,1
SYN0507,Synthetic Customer 507,23444,15539,73885,29017,32346,1.0,0.56,67,536,6,70,1
SYN0508,Synthetic Customer 508,80142,80500,43109,15793,716286,0.53,0.08,20,543,6,25,0
SYN0509,Synthetic Customer 509,74362,52823,151720,46281,288876,0.83,0.02,28,609,5,60,0
SYN0510,Synthetic Customer 510,32190,29604,14462,4542,207354,0.78,0.48,11,520,6,35,0
SYN0511,Synthetic Customer 511,67598,39255,155800,24925,328471,0.82,0.21,59,619,5,70,0
SYN0512,Synthetic Customer 512,47102,40920,23596,5833,415176,0.55,0.11,2,566,6,45,0
SYN0513,Synthetic Customer 513,203472,229775,26441,7901,773776,0.71,0.32,36,496,6,5,0
SYN0514,Synthetic Customer 514,84330,72090,38670,13037,611682,0.57,0.58,1,522,6,45,0
SYN0515,Synthetic Customer 515,28866,15688,72102,25802,34810,0.99,0.77,94,568,6,70,1
SYN0516,Synthetic Customer 516,185844,81403,684121,110494,7908,0.94,0.11,70,742,0,100,1
SYN0517,Synthetic Customer 517,23509,10723,43041,20089,15200,0.93,0.19,90,643,5,70,1
SYN0518,Synthetic Customer 518,57465,40812,72989,18325,314653,0.81,0.57,48,556,6,60,0
SYN0519,Synthetic Customer 519,120765,65361,386354,51396,372283,0.91,0.95,43,552,6,70,1
SYN0520,Synthetic Customer 520,205107,195463,24593,10332,1718529,0.76,0.72,31,491,6,15,0
SYN0521,Synthetic Customer 521,52895,51236,18021,2676,355048,0.52,0.81,15,477,6,15,0
SYN0522,Synthetic Customer 522,167926,87888,358550,146143,217817,0.99,0.26,26,623,5,70,1
SYN0523,Synthetic Customer 523,263563,264967,42987,18902,1714942,0.77,0.65,11,486,6,15,0
SYN0524,Synthetic Customer 524,66544,59725,20380,7322,566873,0.77,0.38,9,534,6,45,0
SYN0525,Synthetic Customer 525,275942,320224,42423,13822,2223297,0.79,0.57,4,462,6,15,0
SYN0526,Synthetic Customer 526,92467,37272,215312,93117,217375,0.93,0.64,58,592,5,70,1
SYN0527,Synthetic Customer 527,390402,438955,48809,5482,2249256,0.66,0.03,15,524,6,0,0
SYN0528,Synthetic Customer 528,30494,26321,7264,3599,160357,0.64,0.06,24,574,6,45,0
SYN0529,Synthetic Customer 529,474717,536192,9484,1272,2307015,0.63,0.92,24,435,6,0,0
SYN0530,Synthetic Customer 530,50062,43765,8535,1075,390839,0.66,0.18,1,558,6,25,0
SYN0531,Synthetic Customer 531,62624,66335,17554,4463,562383,0.66,0.14,22,527,6,15,0
SYN0532,Synthetic Customer 532,20801,12007,47752,18480,37387,0.94,0.64,104,535,6,70,1
SYN0533,Synthetic Customer 533,65504,61868,8926,2522,342576,0.61,0.26,9,537,6,15,0
SYN0534,Synthetic Customer 534,50024,22860,196587,37586,24545,0.95,0.02,86,708,4,75,1
SYN0535,Synthetic Customer 535,357082,322352,36888,7576,1787562,0.84,0.55,12,517,6,15,0
SYN0536,Synthetic Customer 536,493891,509266,29621,10583,3472894,0.72,0.38,16,508,6,5,0
SYN0537,Synthetic Customer 537,160687,78350,491669,160750,462754,0.98,0.68,60,588,5,75,1
SYN0538,Synthetic Customer 538,23808,12472,77336,18978,10422,0.91,0.46,93,634,5,75,1
SYN0539,Synthetic Customer 539,84486,72348,983,273,425660,0.51,0.96,9,484,6,20,0
SYN0540,Synthetic Customer 540,36389,36918,15875,1234,215331,0.5,0.22,13,527,6,5,0
SYN0541,Synthetic Customer 541,85325,93805,23738,5410,733695,0.52,0.75,4,456,6,15,0
SYN0542,Synthetic Customer 542,119862,63849,174637,25191,202869,0.99,0.26,72,625,5,60,1
SYN0543,Synthetic Customer 543,81971,48557,309264,116119,113552,0.92,0.98,49,539,6,75,1
SYN0544,Synthetic Customer 544,249262,263305,58752,22329,1463058,0.89,0.93,10,448,6,15,0
SYN0545,Synthetic Customer 545,194069,88549,409859,52094,446100,0.94,0.06,109,654,5,70,1
SYN0546,Synthetic Customer 546,37400,21347,51667,9047,91788,0.85,0.4,27,599,5,60,0
SYN0547,Synthetic Customer 547,174589,88433,306922,65201,484461,0.92,0.1,103,649,5,70,1
SYN0548,Synthetic Customer 548,27871,22796,10778,879,227605,0.54,0.24,17,554,6,25,0
SYN0549,Synthetic Customer 549,77503,79049,992,370,512549,0.54,0.89,15,459,6,0,0
SYN0550,Synthetic Customer 550,493089,487376,82488,12230,2224287,0.76,0.33,29,523,6,5,0
SYN0551,Synthetic Customer 551,98470,105790,32762,2539,505210,0.63,0.81,17,456,6,5,0
SYN0552,Synthetic Customer 552,79517,63630,30440,3039,526355,0.76,0.62,11,530,6,25,0
SYN0553,Synthetic Customer 553,22824,11325,30858,13419,52978,0.94,0.52,99,572,6,60,1
SYN0554,Synthetic Customer 554,20050,11707,39583,3619,30840,0.91,0.66,41,522,6,70,1
SYN0555,Synthetic Customer 555,41707,31782,40194,3235,172972,0.71,0.64,36,538,6,50,1
SYN0556,Synthetic Customer 556,35446,21636,64307,19855,31165,0.97,0.02,62,645,5,60,1
SYN0557,Synthetic Customer 557,241920,251697,37096,13629,1290025,0.85,0.79,3,464,6,15,0
SYN0558,Synthetic Customer 558,23710,13246,70236,5107,47483,0.99,0.95,48,517,6,70,1
SYN0559,Synthetic Customer 559,110559,50801,208078,32605,209430,0.96,0.94,95,565,6,70,1
SYN0560,Synthetic Customer 560,28604,17844,86929,30062,39580,0.97,0.43,49,581,5,70,1
SYN0561,Synthetic Customer 561,41822,27811,63086,17494,199370,0.95,0.44,34,577,6,60,1
SYN0562,Synthetic Customer 562,25638,16753,56137,27071,38964,0.97,0.61,108,547,6,70,1
SYN0563,Synthetic Customer 563,22009,11280,55475,11796,39329,1.0,0.45,86,571,6,70,1
SYN0564,Synthetic Customer 564,59086,35149,197627,39562,110100,0.9,0.97,51,540,6,70,1
SYN0565,Synthetic Customer 565,22844,23562,12929,4535,199821,0.65,0.57,18,453,6,25,0
SYN0566,Synthetic Customer 566,36179,18499,44868,12028,104856,0.92,0.25,28,626,5,60,1
SYN0567,Synthetic Customer 567,199549,83798,898843,379364,527479,0.93,0.48,86,611,5,75,1
SYN0568,Synthetic Customer 568,18124,10485,34815,12502,31787,0.91,0.06,78,577,6,70,1
SYN0569,Synthetic Customer 569,76925,71152,40054,7429,690399,0.72,0.84,0,482,6,25,0
SYN0570,Synthetic Customer 570,228378,226421,2257,306,1414039,0.7,0.69,9,484,6,0,0
SYN0571,Synthetic Customer 571,152991,90465,598229,47229,316831,0.92,0.29,74,610,5,75,1
SYN0572,Synthetic Customer 572,38663,23230,56314,17961,196529,0.8,0.09,44,626,5,60,1
SYN0573,Synthetic Customer 573,79940,43204,128442,42745,332254,0.84,0.56,59,592,5,60,0
SYN0574,Synthetic Customer 574,34695,20118,47675,18874,168793,0.72,0.67,39,571,6,60,1
SYN0575,Synthetic Customer 575,44967,40300,16022,2497,221066,0.55,0.35,14,538,6,35,0
SYN0576,Synthetic Customer 576,19778,10524,67603,24498,11083,0.92,0.72,46,570,6,75,1
SYN0577,Synthetic Customer 577,64296,23976,220895,109110,34182,0.98,0.02,112,706,4,75,1
SYN0578,Synthetic Customer 578,129984,56545,166625,70517,97804,0.92,0.55,120,631,5,60,1
SYN0579,Synthetic Customer 579,91932,86867,40262,602,503646,0.61,0.9,16,473,6,10,0
SYN0580,Synthetic Customer 580,116966,41066,259950,80997,332309,0.93,0.47,25,606,5,75,1
SYN0581,Synthetic Customer 581,151880,75653,544753,188858,499127,0.99,0.03,107,657,5,75,1
SYN0582,Synthetic Customer 582,321198,383490,39202,10336,2250475,0.75,0.6,5,453,6,5,0
SYN0583,Synthetic Customer 583,43033,27979,61295,704,246788,0.71,0.91,31,532,6,35,1
SYN0584,Synthetic Customer 584,406254,456352,1791,363,2796934,0.79,0.24,32,505,6,0,0
SYN0585,Synthetic Customer 585,28127,27782,14828,6675,255222,0.8,0.94,8,451,6,25,0
SYN0586,Synthetic Customer 586,39942,24066,52209,23917,115597,0.8,0.95,51,540,6,60,0
SYN0587,Synthetic Customer 587,326018,349448,33368,10790,1662508,0.73,0.14,8,523,6,5,0
SYN0588,Synthetic Customer 588,32739,19814,55183,22561,10851,0.97,0.52,53,650,3,75,1
SYN0589,Synthetic Customer 589,276101,302846,37428,2222,1203422,0.77,0.94,7,438,6,0,0
SYN0590,Synthetic Customer 590,50814,38204,43798,10442,127347,0.92,0.42,38,562,6,60,1
SYN0591,Synthetic Customer 591,343548,324854,15495,214,1453695,0.83,0.61,17,502,6,10,0
SYN0592,Synthetic Customer 592,33580,19600,88357,1709,18609,0.94,0.68,97,619,5,60,1
SYN0593,Synthetic Customer 593,62920,47431,90842,12057,298143,0.91,0.49,20,553,6,60,0
SYN0594,Synthetic Customer 594,44829,22847,88589,17685,110012,0.94,0.23,54,631,5,70,0
SYN0595,Synthetic Customer 595,34334,18990,79601,32108,136698,0.87,0.86,27,557,6,70,1
SYN0596,Synthetic Customer 596,221929,240211,43906,12915,1566145,0.78,0.74,34,463,6,15,0
SYN0597,Synthetic Customer 597,36017,23869,111242,29596,45005,0.95,0.87,67,537,6,70,1
SYN0598,Synthetic Customer 598,32624,16921,96710,33824,43666,0.98,0.95,60,558,6,70,1
SYN0599,Synthetic Customer 599,77613,71358,14182,3779,680866,0.55,0.3,1,537,6,15,0
SYN0600,Synthetic Customer 600,19660,10598,54077,16405,4267,0.91,0.77,105,602,2,95,1
SYN0601,Synthetic Customer 601,55760,34798,78710,38686,169731,0.92,0.89,41,541,6,60,0
SYN0602,Synthetic Customer 602,62477,62946,34006,4048,538747,0.53,0.7,20,481,6,15,0
SYN0603,Synthetic Customer 603,31181,29844,7185,2095,268066,0.68,0.17,17,544,6,15,0
SYN0604,Synthetic Customer 604,223019,252118,48827,21611,1408222,0.86,0.17,9,509,6,15,0
SYN0605,Synthetic Customer 605,76664,39512,88509,29245,385511,0.77,0.19,20,631,5,60,0
SYN0606,Synthetic Customer 606,116351,35331,348059,1507,208863,0.96,0.49,51,607,5,50,1
SYN0607,Synthetic Customer 607,36609,19868,79967,39328,6976,0.9,0.87,71,643,2,95,1
SYN0608,Synthetic Customer 608,35599,20194,113226,9716,4179,0.91,0.35,54,696,1,95,1
SYN0609,Synthetic Customer 609,128234,51208,194368,23363,50267,0.92,0.29,108,692,3,75,1
SYN0610,Synthetic Customer 610,33752,21472,54874,18971,36884,0.94,0.05,74,625,5,60,1
SYN0611,Synthetic Customer 611,68309,73040,33618,2127,576563,0.59,0.14,22,525,6,5,0
SYN0612,Synthetic Customer 612,63150,60505,19878,953,514039,0.53,0.73,20,488,6,0,0
SYN0613,Synthetic Customer 613,17872,9742,50984,23160,40057,0.93,0.61,76,527,6,70,1
SYN0614,Synthetic Customer 614,88864,86424,33230,16265,822001,0.66,0.63,15,495,6,25,0
SYN0615,Synthetic Customer 615,69938,39851,78531,7746,216583,0.71,0.62,19,577,6,60,0
SYN0616,Synthetic Customer 616,28586,14985,57203,20889,38448,0.92,0.64,72,581,5,70,1
SYN0617,Synthetic Customer 617,28891,25780,8783,50,183597,0.53,0.34,12,534,6,20,0
SYN0618,Synthetic Customer 618,35184,24207,112479,54645,16382,0.93,0.67,96,608,5,70,1
SYN0619,Synthetic Customer 619,85587,38039,295953,140762,274854,0.99,0.46,76,612,5,75,1
SYN0620,Synthetic Customer 620,186596,72735,710906,280958,211937,0.9,0.58,66,599,5,75,1
SYN0621,Synthetic Customer 621,28678,31284,4825,1536,141945,0.69,0.84,18,444,6,15,0
SYN0622,Synthetic Customer 622,27765,12666,41104,10101,52132,0.97,0.32,40,612,5,70,1
SYN0623,Synthetic Customer 623,74246,61330,39070,9916,488806,0.56,0.31,3,555,6,45,0
SYN0624,Synthetic Customer 624,24901,25731,13646,204,172566,0.74,0.9,4,429,6,0,0
SYN0625,Synthetic Customer 625,52289,40633,100310,21452,224061,0.74,0.86,45,513,6,60,0
SYN0626,Synthetic Customer 626,77485,39592,100549,7591,427199,0.7,0.92,55,561,6,50,0
SYN0627,Synthetic Customer 627,81194,86614,5022,1279,688335,0.51,0.75,20,464,6,0,0
SYN0628,Synthetic Customer 628,51029,28584,56939,25322,220251,0.81,0.13,21,628,5,60,0
SYN0629,Synthetic Customer 629,35002,28161,13082,1692,254376,0.66,0.55,8,536,6,25,0
SYN0630,Synthetic Customer 630,76160,56449,124395,20406,229743,0.85,0.34,40,572,6,60,0
SYN0631,Synthetic Customer 631,31900,20454,57926,1762,88724,0.72,0.39,57,588,5,50,1
SYN0632,Synthetic Customer 632,26653,13159,84273,34962,45602,0.91,0.91,95,552,6,75,1
SYN0633,Synthetic Customer 633,19318,8265,60381,3187,32389,0.95,0.68,95,538,6,75,1
SYN0634,Synthetic Customer 634,321474,380700,11088,2113,2539440,0.87,0.39,21,477,6,0,0
SYN0635,Synthetic Customer 635,79412,75143,3114,980,424207,0.64,0.18,24,546,6,10,0
SYN0636,Synthetic Customer 636,99225,96486,30240,11702,669500,0.74,0.33,20,525,6,25,0
SYN0637,Synthetic Customer 637,129198,59408,341462,162758,192297,0.92,0.17,85,641,5,70,1
SYN0638,Synthetic Customer 638,234634,235153,45833,14265,1510258,0.77,0.35,15,517,6,15,0
SYN0639,Synthetic Customer 639,73424,51461,141771,63783,364393,0.73,0.59,32,554,6,60,0
SYN0640,Synthetic Customer 640,292365,290146,28473,11231,1892082,0.84,0.77,24,478,6,5,0
SYN0641,Synthetic Customer 641,84788,84236,3127,284,495546,0.77,0.9,20,464,6,0,0
SYN0642,Synthetic Customer 642,88463,44077,250412,80684,92834,0.96,0.2,111,641,5,70,1
SYN0643,Synthetic Customer 643,59286,57571,32484,15455,371239,0.78,0.71,11,487,6,25,0
SYN0644,Synthetic Customer 644,52128,25201,158340,38559,159068,0.91,0.89,30,565,6,75,1
SYN0645,Synthetic Customer 645,196808,107501,490697,226932,610201,0.9,0.43,99,607,5,70,1
SYN0646,Synthetic Customer 646,366790,408432,35742,6921,2086636,0.8,0.48,12,481,6,0,0
SYN0647,Synthetic Customer 647,27602,18024,56989,9452,27639,1.0,0.67,53,546,6,70,1
SYN0648,Synthetic Customer 648,68807,34026,118236,43117,219191,0.94,0.98,34,556,6,70,1
SYN0649,Synthetic Customer 649,72090,53475,154869,55797,404922,0.86,0.46,39,560,6,60,1
SYN0650,Synthetic Customer 650,386283,373814,39379,16323,1404395,0.85,0.24,32,536,6,5,0
SYN0651,Synthetic Customer 651,73849,79606,25537,620,366336,0.67,0.7,3,465,6,0,0
SYN0652,Synthetic Customer 652,30778,21191,42847,17249,53936,1.0,0.97,71,523,6,60,1
SYN0653,Synthetic Customer 653,471030,434982,100602,30962,1895680,0.79,0.66,4,501,6,25,0
SYN0654,Synthetic Customer 654,33993,16784,45097,353,28027,0.95,0.51,96,626,5,35,1
SYN0655,Synthetic Customer 655,39045,19501,79924,19308,91623,0.93,0.04,112,657,5,70,1
SYN0656,Synthetic Customer 656,93886,82444,35449,1691,711193,0.7,0.3,23,547,6,20,0
SYN0657,Synthetic Customer 657,15894,7725,22220,4552,19286,0.93,0.61,71,526,6,60,1
SYN0658,Synthetic Customer 658,21861,22351,7920,3026,200435,0.55,0.45,5,461,6,25,0
SYN0659,Synthetic Customer 659,50958,48179,24440,5617,455445,0.8,0.96,19,468,6,35,0
SYN0660,Synthetic Customer 660,62502,45365,83959,28847,236220,0.88,0.17,48,593,5,60,1
SYN0661,Synthetic Customer 661,119309,62833,192991,52264,71986,0.95,0.48,120,648,5,70,1
SYN0662,Synthetic Customer 662,22656,11643,65554,9512,25805,0.95,0.44,72,574,6,70,1
SYN0663,Synthetic Customer 663,400280,441728,92393,2688,2753048,0.63,0.53,22,479,6,0,0
SYN0664,Synthetic Customer 664,342915,343083,21981,10720,1396256,0.78,0.46,15,506,6,5,0
SYN0665,Synthetic Customer 665,21387,11890,60450,10265,50980,0.95,0.67,44,534,6,70,1
SYN0666,Synthetic Customer 666,157806,51967,248397,28759,253340,0.97,0.26,28,628,5,70,1
SYN0667,Synthetic Customer 667,74101,23494,247415,28419,238477,1.0,0.64,114,597,5,75,1
SYN0668,Synthetic Customer 668,72645,40458,121147,58975,171661,0.96,0.8,47,564,6,60,1
SYN0669,Synthetic Customer 669,98303,36961,283214,118867,331306,0.99,0.28,78,630,5,75,1
SYN0670,Synthetic Customer 670,53729,45593,2385,783,458314,0.62,0.99,8,483,6,20,0
SYN0671,Synthetic Customer 671,43321,40382,12781,4999,401031,0.62,0.64,3,501,6,35,0
SYN0672,Synthetic Customer 672,65430,47803,64978,29904,308569,0.81,0.26,14,580,5,60,0
SYN0673,Synthetic Customer 673,199774,103535,798707,260938,13495,0.91,0.64,28,679,1,100,1
SYN0674,Synthetic Customer 674,339689,321169,26889,60,1860947,0.75,0.93,31,471,6,10,0
SYN0675,Synthetic Customer 675,428619,437694,74864,4594,3214180,0.76,0.01,30,548,6,0,0
SYN0676,Synthetic Customer 676,198699,91519,947747,158769,238514,0.94,0.63,106,597,5,75,1
SYN0677,Synthetic Customer 677,145775,67113,679214,240983,42222,0.98,0.29,49,698,2,90,1
SYN0678,Synthetic Customer 678,66338,33951,85675,25565,204825,0.92,0.63,34,589,5,60,1
SYN0679,Synthetic Customer 679,164814,85801,280809,62517,114567,0.95,0.07,93,679,4,70,1
SYN0680,Synthetic Customer 680,85494,82089,42794,537,594753,0.51,0.06,23,554,6,0,0
SYN0681,Synthetic Customer 681,156301,52432,641705,240318,375488,0.99,0.86,92,573,6,75,1
SYN0682,Synthetic Customer 682,78565,52937,177923,18558,198986,0.82,0.03,51,618,5,70,0
SYN0683,Synthetic Customer 683,75960,52764,47540,10070,355309,0.91,0.11,51,606,5,50,0
SYN0684,Synthetic Customer 684,17095,11032,24876,10086,20396,0.92,0.8,90,485,6,60,1
SYN0685,Synthetic Customer 685,72692,65224,42562,4500,549888,0.6,0.96,6,476,6,35,0
SYN0686,Synthetic Customer 686,95468,38249,156059,54415,48540,0.92,0.37,45,667,5,70,1
SYN0687,Synthetic Customer 687,327739,385979,3201,1294,1337124,0.78,0.77,1,439,6,0,0
SYN0688,Synthetic Customer 688,242321,218550,10434,4863,976039,0.87,0.42,30,531,6,15,0
SYN0689,Synthetic Customer 689,43510,23622,47326,7839,174975,0.93,0.61,14,583,5,60,0
SYN0690,Synthetic Customer 690,246148,267847,46231,149,1297125,0.77,0.2,33,516,6,0,0
SYN0691,Synthetic Customer 691,144870,80956,688482,243382,264698,0.98,0.66,59,579,6,75,1
SYN0692,Synthetic Customer 692,100782,33641,175076,62182,306136,0.95,0.17,29,637,5,70,1
SYN0693,Synthetic Customer 693,145471,56081,402200,198812,175068,0.95,0.11,30,643,5,75,1
SYN0694,Synthetic Customer 694,20763,9289,26363,1160,25658,0.99,0.72,111,543,6,50,1
SYN0695,Synthetic Customer 695,25681,13501,76863,15077,55370,0.98,0.33,48,596,5,70,1
SYN0696,Synthetic Customer 696,78349,48872,75208,4818,439452,0.82,0.48,39,582,5,50,0
SYN0697,Synthetic Customer 697,69939,44515,90724,12724,202197,0.86,0.97,24,529,6,60,1
SYN0698,Synthetic Customer 698,32103,22718,22708,7627,92822,0.81,0.18,33,594,5,50,0
SYN0699,Synthetic Customer 699,99119,83957,47253,5568,929067,0.67,0.55,7,527,6,35,0
SYN0700,Synthetic Customer 700,157923,87977,467636,155079,566057,0.95,0.46,25,596,5,70,1
SYN0701,Synthetic Customer 701,329317,320869,34321,4881,1537104,0.87,0.89,26,470,6,0,0
SYN0702,Synthetic Customer 702,60501,36142,232354,55797,109820,0.95,0.48,113,593,5,75,1
SYN0703,Synthetic Customer 703,168604,75633,252759,90853,457099,0.97,0.94,40,561,6,70,1
SYN0704,Synthetic Customer 704,58769,51230,35224,9988,286584,0.55,0.46,18,532,6,45,0
SYN0705,Synthetic Customer 705,15799,10947,36543,13282,5256,0.92,0.86,116,532,4,85,1
SYN0706,Synthetic Customer 706,200714,232449,3405,681,1583329,0.76,0.3,17,491,6,0,0
SYN0707,Synthetic Customer 707,32774,18765,55622,20331,53854,0.99,0.73,43,568,6,60,1
SYN0708,Synthetic Customer 708,37107,18894,49120,15248,34104,0.96,0.37,58,626,5,60,1
SYN0709,Synthetic Customer 709,38097,16004,110573,21949,18717,0.92,0.12,97,698,4,75,1
SYN0710,Synthetic Customer 710,38030,17605,113635,23115,20576,0.99,0.5,90,655,5,75,1
SYN0711,Synthetic Customer 711,27138,22226,5621,2157,193599,0.75,0.47,17,527,6,35,0
SYN0712,Synthetic Customer 712,24576,13162,51205,22715,39713,0.98,0.93,44,528,6,70,1
SYN0713,Synthetic Customer 713,60007,31575,78202,5042,182644,0.73,0.28,56,622,5,50,0
SYN0714,Synthetic Customer 714,278904,324225,34853,9606,1843813,0.72,0.68,8,451,6,5,0
SYN0715,Synthetic Customer 715,381770,391710,67592,12390,1413738,0.62,0.86,14,461,6,5,0
SYN0716,Synthetic Customer 716,36124,18089,93521,21384,56852,0.95,0.66,103,594,5,70,1
SYN0717,Synthetic Customer 717,29590,15901,75791,20086,63792,0.92,0.26,97,624,5,70,1
SYN0718,Synthetic Customer 718,57767,59553,1640,466,375195,0.79,0.62,5,483,6,0,0
SYN0719,Synthetic Customer 719,24346,11069,39461,5029,41375,0.92,0.12,76,617,5,70,1
SYN0720,Synthetic Customer 720,19144,10189,39957,1136,9425,0.97,0.97,54,549,6,60,1
SYN0721,Synthetic Customer 721,78776,75779,7685,3770,492152,0.51,0.92,24,468,6,5,0
SYN0722,Synthetic Customer 722,60018,46714,52869,17896,353658,0.94,0.33,57,567,6,60,1
SYN0723,Synthetic Customer 723,351952,419133,63702,21852,2946371,0.64,0.56,28,459,6,15,0
SYN0724,Synthetic Customer 724,34721,35397,18752,9026,189897,0.54,0.03,19,545,6,25,0
SYN0725,Synthetic Customer 725,59227,35963,70329,12789,271813,0.85,0.23,29,609,5,60,0
SYN0726,Synthetic Customer 726,71912,33189,201616,11452,173855,1.0,0.4,86,619,5,75,1
SYN0727,Synthetic Customer 727,99058,97227,56070,11831,907425,0.62,0.71,13,485,6,25,0
SYN0728,Synthetic Customer 728,70608,64383,12059,3650,457999,0.76,0.1,23,561,6,25,0
SYN0729,Synthetic Customer 729,417899,476866,28948,6944,3120547,0.82,0.42,5,481,6,0,0
SYN0730,Synthetic Customer 730,43617,25776,103768,21981,187164,0.72,0.95,60,543,6,70,1
SYN0731,Synthetic Customer 731,51735,21875,232387,72851,77201,0.95,0.57,41,598,5,75,1
SYN0732,Synthetic Customer 732,42190,31629,47296,9895,175768,0.91,0.31,47,574,6,60,1
SYN0733,Synthetic Customer 733,31758,23417,27859,10494,110537,0.91,0.47,53,561,6,60,1
SYN0734,Synthetic Customer 734,294042,308028,48541,3911,1403992,0.83,0.49,4,493,6,0,0
SYN0735,Synthetic Customer 735,39430,20051,92785,16902,41266,0.96,0.48,51,606,5,70,1
SYN0736,Synthetic Customer 736,87177,88910,917,297,527052,0.52,0.32,22,516,6,0,0
SYN0737,Synthetic Customer 737,53421,29327,58271,11664,208889,0.71,0.3,52,615,5,60,0
SYN0738,Synthetic Customer 738,21350,13449,35009,5476,4842,0.95,0.86,74,580,2,85,1
SYN0739,Synthetic Customer 739,67516,55953,23497,211,590894,0.54,0.29,24,558,6,20,0
SYN0740,Synthetic Customer 740,416003,416874,90933,10128,1702120,0.75,0.82,35,471,6,5,0
SYN0741,Synthetic Customer 741,37598,24417,92549,36117,48013,0.97,0.8,89,549,6,70,1
SYN0742,Synthetic Customer 742,240055,224444,7560,1426,884223,0.69,0.37,28,529,6,10,0
SYN0743,Synthetic Customer 743,32141,20219,64954,942,54760,0.97,0.13,52,617,5,50,1
SYN0744,Synthetic Customer 744,75091,42649,61996,2575,215419,0.81,0.76,19,563,6,40,0
SYN0745,Synthetic Customer 745,176944,93284,239416,103947,68679,0.97,0.59,84,655,4,65,1
SYN0746,Synthetic Customer 746,116325,36407,265910,25297,4301,0.98,0.91,50,661,2,100,1
SYN0747,Synthetic Customer 747,21554,9816,44049,9089,4695,0.99,0.35,56,657,2,95,1
SYN0748,Synthetic Customer 748,38873,22697,93753,37888,6375,0.98,0.53,60,670,1,95,1
SYN0749,Synthetic Customer 749,42514,45511,13701,808,402742,0.78,0.91,22,448,6,0,0
SYN0750,Synthetic Customer 750,392132,435046,17422,1758,2679407,0.65,0.36,24,495,6,0,0
SYN0751,Synthetic Customer 751,312341,329293,30552,5149,2265960,0.64,0.12,8,529,6,0,0
SYN0752,Synthetic Customer 752,389399,432785,52067,10751,1477738,0.75,0.39,29,492,6,5,0
SYN0753,Synthetic Customer 753,39122,19310,138602,53383,41684,0.93,0.85,60,571,6,75,1
SYN0754,Synthetic Customer 754,174695,101624,440718,176726,8041,0.95,0.11,80,726,1,95,1
SYN0755,Synthetic Customer 755,36579,22055,54360,22774,34660,0.96,0.11,57,630,5,60,1
SYN0756,Synthetic Customer 756,145344,86125,351597,105981,311306,0.91,0.83,116,559,6,70,1
SYN0757,Synthetic Customer 757,346023,390813,63610,24782,2231682,0.84,0.64,25,463,6,15,0
SYN0758,Synthetic Customer 758,82367,82367,46956,16758,785790,0.58,0.76,3,475,6,25,0
SYN0759,Synthetic Customer 759,115716,51702,235014,3895,392583,0.91,0.06,32,648,5,50,1
SYN0760,Synthetic Customer 760,214024,255035,19654,2502,1468243,0.69,0.62,4,451,6,0,0
SYN0761,Synthetic Customer 761,31128,19854,52439,16064,49463,0.95,0.54,105,579,6,60,1
SYN0762,Synthetic Customer 762,15579,10683,19876,1951,16092,0.94,0.32,84,517,6,60,1
SYN0763,Synthetic Customer 763,440992,401653,18719,4965,2983387,0.87,0.17,27,554,6,10,0
SYN0764,Synthetic Customer 764,50477,36076,74575,32148,141021,0.87,0.68,48,544,6,60,1
SYN0765,Synthetic Customer 765,494783,572120,60167,16210,2710741,0.78,0.38,22,484,6,5,0
SYN0766,Synthetic Customer 766,62006,50747,21967,6003,335784,0.6,0.74,0,513,6,35,0
SYN0767,Synthetic Customer 767,69882,57946,14471,2877,455306,0.52,0.25,7,560,6,25,0
SYN0768,Synthetic Customer 768,97664,80619,40315,3750,876135,0.6,0.03,10,583,5,25,0
SYN0769,Synthetic Customer 769,170824,84955,464795,110407,316559,0.93,0.69,99,591,5,70,1
SYN0770,Synthetic Customer 770,132972,54960,346403,128020,274073,0.91,0.67,67,590,5,75,1
SYN0771,Synthetic Customer 771,463595,530091,74255,19629,2039730,0.71,0.44,31,481,6,5,0
SYN0772,Synthetic Customer 772,190465,69371,410367,150345,203864,0.94,0.23,119,638,5,70,1
SYN0773,Synthetic Customer 773,74833,35737,163443,69607,152595,0.95,0.22,33,632,5,70,1
SYN0774,Synthetic Customer 774,86144,89696,22375,3278,636754,0.62,0.26,16,518,6,5,0
SYN0775,Synthetic Customer 775,487080,464762,2174,382,3397866,0.77,0.22,29,541,6,0,0
SYN0776,Synthetic Customer 776,89824,93657,45959,18550,822142,0.72,0.07,6,536,6,25,0
SYN0777,Synthetic Customer 777,80619,68068,7278,1229,652165,0.75,0.41,2,541,6,20,0
SYN0778,Synthetic Customer 778,57029,33081,63683,22506,169838,0.85,0.41,19,596,5,60,0
SYN0779,Synthetic Customer 779,31815,18251,66461,28582,129518,0.81,0.9,24,548,6,70,0
SYN0780,Synthetic Customer 780,37882,30636,17948,2883,232341,0.69,0.05,23,586,5,35,0
SYN0781,Synthetic Customer 781,210437,192886,45277,9764,1074647,0.86,0.89,26,481,6,15,0
SYN0782,Synthetic Customer 782,31836,29259,16041,1933,281595,0.53,0.73,3,494,6,25,0
SYN0783,Synthetic Customer 783,36765,23849,127913,16502,82196,0.95,0.1,112,621,5,70,1
SYN0784,Synthetic Customer 784,132158,52702,436593,196181,185526,0.97,0.93,51,563,6,75,1
SYN0785,Synthetic Customer 785,37000,20444,86796,16666,147338,0.92,0.06,46,639,5,70,1
SYN0786,Synthetic Customer 786,132965,61658,386858,72806,117919,0.99,0.93,70,576,6,75,1
SYN0787,Synthetic Customer 787,392801,450310,1986,620,3236941,0.61,0.73,3,449,6,0,0
SYN0788,Synthetic Customer 788,46579,31013,53877,11890,272512,0.93,0.68,46,554,6,60,0
SYN0789,Synthetic Customer 789,403670,364255,93078,16746,3250365,0.69,0.93,15,479,6,15,0
SYN0790,Synthetic Customer 790,47575,50326,4573,1299,328574,0.76,0.76,13,465,6,5,0
SYN0791,Synthetic Customer 791,121837,68220,507269,123493,412513,0.97,0.92,66,553,6,75,1
SYN0792,Synthetic Customer 792,252636,289854,42350,11529,1523497,0.73,0.72,35,452,6,5,0
SYN0793,Synthetic Customer 793,79409,80088,36304,6020,625630,0.69,0.79,4,471,6,15,0
SYN0794,Synthetic Customer 794,155031,55814,356566,29052,321365,0.92,0.52,107,608,5,75,1
SYN0795,Synthetic Customer 795,68929,48644,139702,62700,244686,0.92,0.14,23,598,5,60,1
SYN0796,Synthetic Customer 796,46039,37996,10154,3091,307944,0.78,0.88,7,499,6,35,0
SYN0797,Synthetic Customer 797,56021,32320,197730,11662,126375,1.0,0.2,113,626,5,75,1
SYN0798,Synthetic Customer 798,33262,20632,45636,2918,110980,0.94,0.18,48,613,5,50,0
SYN0799,Synthetic Customer 799,187845,80876,847549,353165,306816,0.95,0.23,50,633,5,75,1
SYN0800,Synthetic Customer 800,47445,27821,70669,13540,136106,0.85,0.99,30,537,6,60,0
SYN0801,Synthetic Customer 801,294565,301209,10317,2144,1470741,0.67,0.45,15,503,6,0,0
SYN0802,Synthetic Customer 802,96402,96911,26500,2182,467505,0.76,0.96,12,455,6,5,0
SYN0803,Synthetic Customer 803,76749,47204,104526,4787,349200,0.72,0.07,33,624,5,50,0
SYN0804,Synthetic Customer 804,385756,462529,86963,39205,3179635,0.81,0.8,0,431,6,25,0
SYN0805,Synthetic Customer 805,86131,84916,15633,3038,576607,0.54,0.88,1,465,6,5,0
SYN0806,Synthetic Customer 806,20877,9981,50292,15338,46613,0.91,0.32,103,582,5,70,1
SYN0807,Synthetic Customer 807,274341,268338,20626,8179,2276174,0.86,0.83,23,475,6,5,0
SYN0808,Synthetic Customer 808,348334,407842,22004,4321,2641078,0.76,0.44,10,474,6,0,0
SYN0809,Synthetic Customer 809,84392,86848,7659,2692,750629,0.69,0.44,6,502,6,5,0
SYN0810,Synthetic Customer 810,33576,19103,22312,7653,112036,0.81,0.99,43,542,6,60,0
SYN0811,Synthetic Customer 811,386919,463004,52081,3686,2243064,0.85,0.86,7,426,6,0,0
SYN0812,Synthetic Customer 812,32265,27784,5500,2083,284182,0.75,0.56,21,525,6,35,0
SYN0813,Synthetic Customer 813,21959,12627,77557,37407,27721,0.92,0.91,67,511,6,75,1
SYN0814,Synthetic Customer 814,249443,290902,1554,696,1713748,0.64,0.38,6,480,6,0,0
SYN0815,Synthetic Customer 815,40155,32471,11088,3930,329150,0.64,0.95,19,496,6,35,0
SYN0816,Synthetic Customer 816,136357,80577,485733,85174,466780,0.99,0.99,96,542,6,75,1
SYN0817,Synthetic Customer 817,43852,33282,89581,3639,149913,0.89,0.55,50,549,6,50,1
SYN0818,Synthetic Customer 818,154558,58198,319052,104573,428923,0.91,0.85,44,570,6,70,1
SYN0819,Synthetic Customer 819,410971,405004,74227,7903,2769742,0.69,0.8,19,475,6,0,0
SYN0820,Synthetic Customer 820,19302,9799,27614,3274,17022,0.95,0.88,96,528,6,60,1
SYN0821,Synthetic Customer 821,93801,91934,5077,1508,640489,0.68,0.44,13,512,6,0,0
SYN0822,Synthetic Customer 822,60600,27512,285048,40650,147572,0.99,0.53,106,607,5,75,1
SYN0823,Synthetic Customer 823,17751,8648,39933,15650,38649,0.93,0.97,74,499,6,70,1
SYN0824,Synthetic Customer 824,64281,40389,104351,2955,281780,0.83,0.51,38,578,6,40,0
SYN0825,Synthetic Customer 825,498046,569688,42488,16496,3192836,0.6,0.74,29,450,6,5,0
SYN0826,Synthetic Customer 826,41941,31576,28581,11540,163507,0.77,0.59,41,545,6,50,1
SYN0827,Synthetic Customer 827,23685,11899,80611,13832,46043,0.92,0.74,113,555,6,75,1
SYN0828,Synthetic Customer 828,33936,31565,364,3,227224,0.55,0.48,22,518,6,10,0
SYN0829,Synthetic Customer 829,455182,451012,88829,44158,2986164,0.89,0.67,19,488,6,15,0
SYN0830,Synthetic Customer 830,82791,28193,156217,24670,243197,0.99,0.22,107,638,5,70,1
SYN0831,Synthetic Customer 831,72581,41555,153564,70593,398432,0.75,0.3,41,610,5,70,0
SYN0832,Synthetic Customer 832,421186,381824,16790,7295,1824420,0.89,0.47,28,525,6,10,0
SYN0833,Synthetic Customer 833,22950,10566,58904,1668,45927,0.93,0.11,91,613,5,60,1
SYN0834,Synthetic Customer 834,459891,515594,65765,19056,2879221,0.61,0.4,32,489,6,5,0
SYN0835,Synthetic Customer 835,38744,22605,109599,31975,75940,0.92,0.07,38,631,5,70,1
SYN0836,Synthetic Customer 836,365596,389716,23501,7755,2453822,0.64,0.62,22,477,6,5,0
SYN0837,Synthetic Customer 837,428710,388515,29633,5633,1938869,0.73,0.51,21,520,6,10,0
SYN0838,Synthetic Customer 838,38435,22949,58220,23310,27063,0.94,0.42,119,629,5,60,1
SYN0839,Synthetic Customer 839,81908,85178,41504,9255,637640,0.71,0.09,15,535,6,25,0
SYN0840,Synthetic Customer 840,41356,23152,69906,27261,114277,0.94,0.49,27,593,5,70,0
SYN0841,Synthetic Customer 841,16541,11575,34092,5197,10353,0.92,0.85,100,505,6,60,1
SYN0842,Synthetic Customer 842,66689,26763,107388,36830,54423,0.92,0.26,67,649,5,70,1
SYN0843,Synthetic Customer 843,26117,26927,8728,4222,237725,0.68,0.11,1,514,6,25,0
SYN0844,Synthetic Customer 844,439670,522677,79748,6676,3639749,0.85,0.05,6,509,6,0,0
SYN0845,Synthetic Customer 845,71282,38165,69121,19144,263878,0.88,0.76,43,572,6,60,0
SYN0846,Synthetic Customer 846,72407,44104,150207,26462,205834,0.81,0.42,12,588,5,70,0
SYN0847,Synthetic Customer 847,378950,373655,15575,5858,1848091,0.83,0.36,15,519,6,0,0
SYN0848,Synthetic Customer 848,79362,57620,107860,52544,255661,0.81,0.91,41,518,6,60,1
SYN0849,Synthetic Customer 849,166019,57056,205168,9120,481868,0.91,0.32,45,623,5,60,1
SYN0850,Synthetic Customer 850,232227,236402,2067,309,1864339,0.87,0.07,33,543,6,0,0
SYN0851,Synthetic Customer 851,74959,69007,30622,4986,558994,0.72,0.32,11,536,6,25,0
SYN0852,Synthetic Customer 852,123342,70312,419047,105889,65211,0.94,0.21,93,671,4,70,1
SYN0853,Synthetic Customer 853,35256,20998,101323,42516,75110,0.94,0.2,74,618,5,70,1
SYN0854,Synthetic Customer 854,59691,27531,155433,16515,154478,0.95,0.54,51,602,5,70,1
SYN0855,Synthetic Customer 855,184131,85719,566535,83900,501824,0.9,0.88,93,571,6,75,1
SYN0856,Synthetic Customer 856,23476,11090,71789,33113,40933,0.91,0.07,83,619,5,75,1
SYN0857,Synthetic Customer 857,86518,78414,2477,255,685622,0.63,0.57,0,512,6,10,0
SYN0858,Synthetic Customer 858,377723,451335,73011,34949,3152929,0.85,0.24,19,490,6,15,0
SYN0859,Synthetic Customer 859,95073,95237,40749,8114,693500,0.53,0.52,6,499,6,15,0
SYN0860,Synthetic Customer 860,79547,65975,33965,2685,698144,0.53,0.43,4,542,6,25,0
SYN0861,Synthetic Customer 861,312608,323189,27706,9637,1915045,0.77,0.77,16,469,6,5,0
SYN0862,Synthetic Customer 862,31345,18522,112579,32082,51833,0.97,0.42,56,596,5,75,1
SYN0863,Synthetic Customer 863,63147,33981,118720,46171,180965,0.83,0.53,56,595,5,70,0
SYN0864,Synthetic Customer 864,448174,407740,16869,1945,2816024,0.78,0.41,7,529,6,10,0
SYN0865,Synthetic Customer 865,94942,84201,29780,4995,509379,0.8,0.31,15,544,6,35,0
SYN0866,Synthetic Customer 866,87452,29964,290572,79996,15316,0.99,0.22,118,722,1,100,1
SYN0867,Synthetic Customer 867,201093,188363,16826,6841,1564110,0.74,0.31,28,535,6,15,0
SYN0868,Synthetic Customer 868,69454,65465,30005,12483,535310,0.54,0.63,24,501,6,35,0
SYN0869,Synthetic Customer 869,435444,411361,76066,26845,1754278,0.72,0.89,21,475,6,25,0
SYN0870,Synthetic Customer 870,16501,11343,55049,21165,29143,0.91,0.17,39,533,6,70,1
SYN0871,Synthetic Customer 871,35647,22773,103296,8112,47998,0.96,0.09,115,624,5,70,1
SYN0872,Synthetic Customer 872,33902,21266,118572,49188,42452,0.95,0.89,51,541,6,70,1
SYN0873,Synthetic Customer 873,20889,14386,38851,18990,10317,0.94,0.8,113,548,6,60,1
SYN0874,Synthetic Customer 874,72664,70968,21427,5569,674501,0.63,0.42,16,515,6,15,0
SYN0875,Synthetic Customer 875,70070,61462,4819,688,369745,0.59,0.19,24,558,6,20,0
SYN0876,Synthetic Customer 876,90429,35451,241101,80540,55079,1.0,0.19,115,681,4,75,1
SYN0877,Synthetic Customer 877,128125,53425,301369,84991,190414,0.93,0.93,39,562,6,70,1
SYN0878,Synthetic Customer 878,103099,38341,345300,133332,87775,0.98,0.39,38,630,5,75,1
SYN0879,Synthetic Customer 879,27947,25026,9274,236,142926,0.62,0.24,0,537,6,20,0
SYN0880,Synthetic Customer 880,92623,100870,37517,18176,554100,0.7,0.13,18,522,6,25,0
SYN0881,Synthetic Customer 881,433823,401361,66197,9330,1985431,0.71,0.98,15,469,6,15,0
SYN0882,Synthetic Customer 882,28885,19884,73147,30451,2897,1.0,0.62,119,646,2,95,1
SYN0883,Synthetic Customer 883,30035,15559,67856,16442,101635,0.91,0.38,34,613,5,70,0
SYN0884,Synthetic Customer 884,31722,15365,50355,2291,40661,0.93,0.4,51,616,5,60,1
SYN0885,Synthetic Customer 885,77518,51700,85504,40006,306588,0.83,0.8,55,542,6,60,1
SYN0886,Synthetic Customer 886,79338,69968,31526,3450,503309,0.64,0.6,0,514,6,25,0
SYN0887,Synthetic Customer 887,72365,56204,122717,627,174790,0.87,0.41,56,560,6,35,1
SYN0888,Synthetic Customer 888,482135,445658,101447,35300,3242878,0.61,0.83,28,485,6,25,0
SYN0889,Synthetic Customer 889,142535,84325,364170,101384,308548,0.92,0.76,113,566,6,70,1
SYN0890,Synthetic Customer 890,82706,36292,378007,58070,132369,0.97,0.75,111,586,5,75,1
SYN0891,Synthetic Customer 891,45101,37298,16600,3623,282118,0.57,0.49,11,537,6,35,0
SYN0892,Synthetic Customer 892,123598,55353,461585,1870,269653,0.92,0.81,74,577,6,50,1
SYN0893,Synthetic Customer 893,122704,57760,365466,172972,243742,0.97,0.67,101,593,5,75,1
SYN0894,Synthetic Customer 894,20751,8707,31288,4253,3239,0.99,0.85,102,613,2,95,1
SYN0895,Synthetic Customer 895,45146,47597,626,272,426859,0.68,0.68,14,473,6,0,0
SYN0896,Synthetic Customer 896,161965,79733,744240,169344,30239,0.94,0.99,59,639,2,100,1
SYN0897,Synthetic Customer 897,185867,81777,464908,231683,507877,0.97,0.06,77,652,5,70,1
SYN0898,Synthetic Customer 898,29708,14701,63588,28839,23864,0.96,0.03,64,672,4,70,1
SYN0899,Synthetic Customer 899,239028,280881,11294,514,1238231,0.79,0.1,30,509,6,0,0
SYN0900,Synthetic Customer 900,212595,229126,31955,4102,1106483,0.67,0.47,21,490,6,0,0
SYN0901,Synthetic Customer 901,137448,62662,282081,114957,36077,0.98,0.62,98,671,1,95,1
SYN0902,Synthetic Customer 902,72422,42899,325911,17046,98394,0.98,0.07,80,633,5,75,1
SYN0903,Synthetic Customer 903,129028,62349,355423,14625,47298,0.96,0.3,72,691,3,75,1
SYN0904,Synthetic Customer 904,250242,271560,24690,10808,1939374,0.79,0.45,29,491,6,5,0
SYN0905,Synthetic Customer 905,253098,253575,56952,14879,1862310,0.76,0.59,6,492,6,15,0
SYN0906,Synthetic Customer 906,53221,25469,76806,12688,151248,0.99,0.13,89,646,5,70,1
SYN0907,Synthetic Customer 907,66581,61674,28947,3983,461685,0.54,0.05,4,561,6,25,0
SYN0908,Synthetic Customer 908,96614,89923,55634,10197,813585,0.68,0.54,4,511,6,35,0
SYN0909,Synthetic Customer 909,60770,36012,73970,529,226537,0.83,0.65,21,569,6,35,0
SYN0910,Synthetic Customer 910,63233,47156,101616,22532,164189,0.75,0.21,24,583,5,60,0
SYN0911,Synthetic Customer 911,44819,44835,18683,5425,426373,0.76,0.56,10,496,6,25,0
SYN0912,Synthetic Customer 912,24818,13044,39447,1382,27059,0.95,0.91,117,539,6,60,1
SYN0913,Synthetic Customer 913,75430,42925,129970,48141,245937,0.89,0.81,59,561,6,70,1
SYN0914,Synthetic Customer 914,56234,31225,133937,9664,208411,0.79,0.55,21,587,5,70,1
SYN0915,Synthetic Customer 915,301923,328915,66136,1945,1608514,0.66,0.29,14,505,6,0,0
SYN0916,Synthetic Customer 916,42843,38642,14253,176,242362,0.55,0.27,3,543,6,10,0
SYN0917,Synthetic Customer 917,85977,35566,346890,55112,34346,0.93,0.25,71,692,3,80,1
SYN0918,Synthetic Customer 918,64532,51182,154609,8569,359700,0.73,0.88,20,506,6,70,0
SYN0919,Synthetic Customer 919,64901,39814,82661,16026,295843,0.93,0.76,49,557,6,60,0
SYN0920,Synthetic Customer 920,24639,15691,48943,9177,3149,0.99,0.84,110,610,2,95,1
SYN0921,Synthetic Customer 921,309700,346303,58322,20148,2290784,0.62,0.51,32,479,6,15,0
SYN0922,Synthetic Customer 922,85350,81566,9166,4304,701571,0.71,0.71,15,490,6,15,0
SYN0923,Synthetic Customer 923,340685,366016,52174,21290,2519364,0.61,0.23,12,514,6,15,0
SYN0924,Synthetic Customer 924,322885,328945,23712,9361,2539749,0.65,0.84,16,464,6,5,0
SYN0925,Synthetic Customer 925,17777,7827,24917,5760,18964,0.92,0.05,101,594,5,70,1
SYN0926,Synthetic Customer 926,26022,13735,60426,26362,25540,0.95,0.28,39,603,5,70,1
SYN0927,Synthetic Customer 927,58946,33607,103841,5401,217671,0.77,0.5,46,591,5,60,0
SYN0928,Synthetic Customer 928,49850,41351,2134,410,248439,0.6,0.67,8,518,6,20,0
SYN0929,Synthetic Customer 929,55974,47980,20286,8898,305716,0.77,0.02,9,578,6,45,0
SYN0930,Synthetic Customer 930,65433,67719,15853,4750,441518,0.73,0.02,20,544,6,15,0
SYN0931,Synthetic Customer 931,39941,27377,130891,47404,21815,0.97,0.47,102,621,5,70,1
SYN0932,Synthetic Customer 932,33108,20768,97139,5627,36662,0.93,0.19,89,614,5,70,1
SYN0933,Synthetic Customer 933,58749,37305,94304,37847,220245,0.92,0.31,59,598,5,60,0
SYN0934,Synthetic Customer 934,385945,386696,38824,13217,2659802,0.83,0.69,19,483,6,5,0
SYN0935,Synthetic Customer 935,96933,78222,45676,5036,894332,0.79,0.98,18,493,6,35,0
SYN0936,Synthetic Customer 936,34917,19978,74656,25600,31954,0.91,0.39,96,614,5,70,1
SYN0937,Synthetic Customer 937,136203,64131,384845,24442,438720,0.92,0.67,46,588,5,75,1
SYN0938,Synthetic Customer 938,178087,54859,341285,101159,584275,0.93,0.24,108,636,5,75,1
SYN0939,Synthetic Customer 939,17293,9275,36051,10707,458,0.99,0.41,56,642,2,95,1
SYN0940,Synthetic Customer 940,83852,38650,244990,118435,20757,0.99,0.14,50,717,1,100,1
SYN0941,Synthetic Customer 941,76649,80126,30573,9422,426333,0.78,0.59,16,484,6,25,0
SYN0942,Synthetic Customer 942,344410,330809,81921,26164,1976745,0.78,0.25,21,536,6,15,0
SYN0943,Synthetic Customer 943,31087,16726,80288,18868,55008,0.96,0.91,80,559,6,70,1
SYN0944,Synthetic Customer 944,71260,70113,34631,8163,401949,0.55,0.62,13,493,6,25,0
SYN0945,Synthetic Customer 945,401675,471265,17684,6447,2542342,0.81,0.05,10,512,6,0,0
SYN0946,Synthetic Customer 946,90482,80308,49744,23671,737483,0.77,0.9,13,485,6,45,0
SYN0947,Synthetic Customer 947,18972,13253,26251,12558,4791,0.98,0.41,57,595,2,85,1
SYN0948,Synthetic Customer 948,47180,44906,13083,5689,243040,0.7,0.46,10,515,6,25,0
SYN0949,Synthetic Customer 949,301923,307660,778,69,1253124,0.7,0.74,31,476,6,0,0
SYN0950,Synthetic Customer 950,235775,218036,37178,14343,1656364,0.64,0.81,10,486,6,25,0
SYN0951,Synthetic Customer 951,31183,21269,28657,12147,88776,0.8,0.09,60,611,5,60,0
SYN0952,Synthetic Customer 952,40119,37398,4283,885,330146,0.63,0.06,20,560,6,15,0
SYN0953,Synthetic Customer 953,36004,21557,100238,45242,8882,0.93,0.06,36,704,1,95,1
SYN0954,Synthetic Customer 954,148931,78953,676705,125063,200866,0.92,0.03,27,645,5,75,1
SYN0955,Synthetic Customer 955,138373,75573,504764,251329,31468,0.99,0.79,109,650,2,100,1
SYN0956,Synthetic Customer 956,77448,42605,104417,21439,215898,0.78,0.62,51,583,5,60,0
SYN0957,Synthetic Customer 957,27945,19049,41636,11684,14337,0.93,0.02,119,661,5,60,1
SYN0958,Synthetic Customer 958,21570,19774,5937,1140,110371,0.69,0.37,2,489,6,25,0
SYN0959,Synthetic Customer 959,56941,33621,95544,6672,338182,0.88,0.79,48,558,6,60,0
SYN0960,Synthetic Customer 960,32418,31768,19089,2177,263957,0.6,0.63,22,494,6,15,0
SYN0961,Synthetic Customer 961,83193,68239,880,229,763553,0.61,0.64,7,523,6,20,0
SYN0962,Synthetic Customer 962,34250,20940,42192,4065,1743,0.93,0.73,67,657,2,85,1
SYN0963,Synthetic Customer 963,17601,7356,36941,4969,12529,0.94,0.64,66,560,6,70,1
SYN0964,Synthetic Customer 964,29540,18367,58750,21089,19718,0.98,0.05,89,660,5,70,1
SYN0965,Synthetic Customer 965,149986,64226,224924,39351,489441,0.96,0.16,117,645,5,70,1
SYN0966,Synthetic Customer 966,46861,28778,53914,18420,160246,0.85,0.08,20,622,5,60,1
SYN0967,Synthetic Customer 967,40140,31102,24386,11966,220848,0.88,0.49,38,550,6,50,1
SYN0968,Synthetic Customer 968,151012,87278,581153,18091,131753,0.99,0.36,114,622,5,75,1
SYN0969,Synthetic Customer 969,88766,33588,252068,33330,217639,0.92,0.58,108,602,5,75,1
SYN0970,Synthetic Customer 970,140280,76349,304193,104325,105812,0.97,0.02,45,669,5,70,1
SYN0971,Synthetic Customer 971,126841,41313,209142,3888,29344,0.96,0.48,110,689,1,75,1
SYN0972,Synthetic Customer 972,52492,16709,205058,76342,1365,0.98,0.05,51,748,0,100,1
SYN0973,Synthetic Customer 973,15237,7812,37302,8710,35181,0.99,0.47,79,535,6,70,1
SYN0974,Synthetic Customer 974,29072,14564,82461,20658,23937,0.98,0.93,87,579,6,70,1
SYN0975,Synthetic Customer 975,82216,46098,181375,32576,206966,0.94,0.62,108,586,5,70,1
SYN0976,Synthetic Customer 976,150888,58568,287030,136329,77764,0.99,0.78,115,632,5,70,1
SYN0977,Synthetic Customer 977,16040,7031,49922,22054,11600,1.0,0.98,95,519,6,75,1
SYN0978,Synthetic Customer 978,164004,98075,214057,42795,548497,0.99,0.76,52,560,6,60,1
SYN0979,Synthetic Customer 979,34683,14546,70189,25011,75761,0.97,0.78,91,581,5,70,1
SYN0980,Synthetic Customer 980,27050,11853,52804,24147,24682,0.9,0.07,104,647,5,70,1
SYN0981,Synthetic Customer 981,153628,46511,655761,155621,174726,0.98,0.5,82,608,5,75,1
SYN0982,Synthetic Customer 982,76973,43349,147694,6889,409304,0.93,0.77,43,565,6,60,1
SYN0983,Synthetic Customer 983,51195,37151,84199,19927,271244,0.81,0.17,20,591,5,60,1
SYN0984,Synthetic Customer 984,88693,36627,420202,44098,216943,0.99,0.1,84,648,5,75,1
SYN0985,Synthetic Customer 985,81143,30206,240106,22608,200970,0.97,0.38,112,623,5,75,1
SYN0986,Synthetic Customer 986,171549,95976,607475,233370,169966,0.94,0.13,34,630,5,75,1
SYN0987,Synthetic Customer 987,178245,87771,796848,307678,144336,0.96,0.57,59,618,5,75,1
SYN0988,Synthetic Customer 988,97473,40469,467854,78214,246592,0.96,0.11,32,643,5,75,1
SYN0989,Synthetic Customer 989,21058,10983,60684,26786,19902,0.95,0.81,98,535,6,70,1
SYN0990,Synthetic Customer 990,186026,102526,584183,65058,548363,0.98,0.21,108,629,5,70,1
SYN0991,Synthetic Customer 991,97360,54385,360502,117239,1866,0.98,0.13,40,728,1,100,1
SYN0992,Synthetic Customer 992,21757,12962,30694,12338,13407,0.9,0.97,100,541,6,60,1
SYN0993,Synthetic Customer 993,31731,14689,45617,7769,62428,0.9,0.15,63,642,5,70,1
SYN0994,Synthetic Customer 994,69462,46235,115668,47782,236075,0.86,0.08,28,612,5,60,1
SYN0995,Synthetic Customer 995,120621,72204,447321,97554,83645,0.96,0.64,89,606,5,75,1
SYN0996,Synthetic Customer 996,20375,10715,31955,7104,48530,0.94,0.95,67,509,6,60,1
SYN0997,Synthetic Customer 997,120811,40759,192810,8645,238496,0.93,0.1,66,647,5,60,1
SYN0998,Synthetic Customer 998,96066,43992,418064,128350,203638,0.91,0.35,97,624,5,75,1
SYN0999,Synthetic Customer 999,33077,19131,107140,8360,37855,0.93,0.68,55,572,6,70,1
SYN1000,Synthetic Customer 1000,39350,24146,75699,24258,101928,0.88,0.25,50,608,5,70,1
